Community,LocationNight,FrequencyNight
C1,STREET,269
C1,APARTMENT,249
C1,RESIDENCE,119
C1,SIDEWALK,86
C1,CTA TRAIN,65
C1,OTHER,47
C1,ALLEY,42
C1,BAR OR TAVERN,33
C1,RESIDENCE PORCH/HALLWAY,30
C1,PARKING LOT/GARAGE(NON.RESID.),30
C1,RESIDENTIAL YARD (FRONT/BACK),22
C1,VEHICLE NON-COMMERCIAL,16
C1,RESIDENCE-GARAGE,16
C1,SMALL RETAIL STORE,15
C1,RESTAURANT,13
C1,CTA GARAGE / OTHER PROPERTY,12
C1,GROCERY FOOD STORE,12
C1,NURSING HOME/RETIREMENT HOME,11
C1,CTA STATION,11
C1,CTA PLATFORM,9
C1,PARK PROPERTY,8
C1,GAS STATION,7
C1,TAXICAB,6
C1,TAVERN/LIQUOR STORE,5
C1,CONVENIENCE STORE,5
C1,ATM (AUTOMATIC TELLER MACHINE),5
C1,CTA BUS STOP,4
C1,COLLEGE/UNIVERSITY GROUNDS,3
C1,VEHICLE-COMMERCIAL,3
C1,DRUG STORE,3
C1,HOTEL/MOTEL,2
C1,"SCHOOL, PRIVATE, BUILDING",2
C1,COMMERCIAL / BUSINESS OFFICE,2
C1,VEHICLE - OTHER RIDE SERVICE,2
C1,STAIRWELL,1
C1,CTA BUS,1
C1,POLICE FACILITY/VEH PARKING LOT,1
C1,VACANT LOT/LAND,1
C1,SPORTS ARENA/STADIUM,1
C1,CAR WASH,1
C1,ATHLETIC CLUB,1
C1,OTHER RAILROAD PROP / TRAIN DEPOT,1
C1,"SCHOOL, PRIVATE, GROUNDS",1
C1,BANK,1
C1,CHURCH/SYNAGOGUE/PLACE OF WORSHIP,1
C1,CTA TRACKS - RIGHT OF WAY,1
C10,STREET,87
C10,RESIDENCE,74
C10,APARTMENT,19
C10,RESIDENCE-GARAGE,12
C10,RESIDENTIAL YARD (FRONT/BACK),12
C10,OTHER,12
C10,SIDEWALK,12
C10,RESTAURANT,11
C10,PARKING LOT/GARAGE(NON.RESID.),10
C10,HOTEL/MOTEL,7
C10,ALLEY,6
C10,BAR OR TAVERN,6
C10,DRIVEWAY - RESIDENTIAL,5
C10,VEHICLE NON-COMMERCIAL,5
C10,GAS STATION,4
C10,SMALL RETAIL STORE,4
C10,HOSPITAL BUILDING/GROUNDS,3
C10,NURSING HOME/RETIREMENT HOME,2
C10,DRUG STORE,2
C10,CTA TRAIN,2
C10,CONVENIENCE STORE,2
C10,CTA STATION,2
C10,RESIDENCE PORCH/HALLWAY,1
C10,"SCHOOL, PUBLIC, BUILDING",1
C10,CTA PLATFORM,1
C10,ATHLETIC CLUB,1
C10,"SCHOOL, PUBLIC, GROUNDS",1
C10,COMMERCIAL / BUSINESS OFFICE,1
C10,PARK PROPERTY,1
C10,WAREHOUSE,1
C10,ATM (AUTOMATIC TELLER MACHINE),1
C10,HIGHWAY/EXPRESSWAY,1
C10,GROCERY FOOD STORE,1
C10,VEHICLE-COMMERCIAL,1
C11,STREET,91
C11,RESIDENCE,52
C11,APARTMENT,20
C11,OTHER,13
C11,ALLEY,12
C11,SIDEWALK,11
C11,CONVENIENCE STORE,11
C11,RESIDENCE-GARAGE,11
C11,SMALL RETAIL STORE,7
C11,RESIDENTIAL YARD (FRONT/BACK),6
C11,VEHICLE NON-COMMERCIAL,6
C11,POLICE FACILITY/VEH PARKING LOT,5
C11,RESTAURANT,4
C11,CTA BUS STOP,4
C11,COMMERCIAL / BUSINESS OFFICE,4
C11,DRIVEWAY - RESIDENTIAL,3
C11,BAR OR TAVERN,3
C11,PARKING LOT/GARAGE(NON.RESID.),3
C11,TAVERN/LIQUOR STORE,2
C11,CTA GARAGE / OTHER PROPERTY,2
C11,CTA STATION,2
C11,RESIDENCE PORCH/HALLWAY,2
C11,BANK,2
C11,ATM (AUTOMATIC TELLER MACHINE),1
C11,YARD,1
C11,CTA TRAIN,1
C11,PARK PROPERTY,1
C11,MEDICAL/DENTAL OFFICE,1
C11,GAS STATION,1
C11,CTA PLATFORM,1
C11,DRUG STORE,1
C11,OTHER RAILROAD PROP / TRAIN DEPOT,1
C12,STREET,66
C12,RESIDENCE,33
C12,APARTMENT,10
C12,RESIDENCE-GARAGE,10
C12,DRIVEWAY - RESIDENTIAL,8
C12,VEHICLE NON-COMMERCIAL,5
C12,PARKING LOT/GARAGE(NON.RESID.),4
C12,RESIDENTIAL YARD (FRONT/BACK),4
C12,OTHER,4
C12,SIDEWALK,4
C12,SMALL RETAIL STORE,3
C12,HOTEL/MOTEL,3
C12,COMMERCIAL / BUSINESS OFFICE,2
C12,GAS STATION,2
C12,ALLEY,2
C12,PARK PROPERTY,2
C12,GROCERY FOOD STORE,1
C12,"SCHOOL, PUBLIC, BUILDING",1
C12,RESIDENCE PORCH/HALLWAY,1
C12,RESTAURANT,1
C12,BANK,1
C12,CHURCH/SYNAGOGUE/PLACE OF WORSHIP,1
C12,"SCHOOL, PRIVATE, GROUNDS",1
C12,TAVERN/LIQUOR STORE,1
C13,STREET,106
C13,APARTMENT,30
C13,SIDEWALK,15
C13,RESIDENCE,15
C13,PARKING LOT/GARAGE(NON.RESID.),9
C13,ALLEY,8
C13,SMALL RETAIL STORE,8
C13,OTHER,8
C13,HOTEL/MOTEL,7
C13,RESIDENCE-GARAGE,6
C13,VEHICLE NON-COMMERCIAL,6
C13,RESTAURANT,4
C13,DRIVEWAY - RESIDENTIAL,4
C13,COMMERCIAL / BUSINESS OFFICE,3
C13,GROCERY FOOD STORE,3
C13,BANK,2
C13,CHURCH/SYNAGOGUE/PLACE OF WORSHIP,2
C13,BAR OR TAVERN,2
C13,CONVENIENCE STORE,2
C13,RESIDENCE PORCH/HALLWAY,1
C13,TAVERN/LIQUOR STORE,1
C13,CTA BUS,1
C13,PARK PROPERTY,1
C13,DEPARTMENT STORE,1
C13,"SCHOOL, PRIVATE, BUILDING",1
C13,APPLIANCE STORE,1
C13,COLLEGE/UNIVERSITY GROUNDS,1
C13,COLLEGE/UNIVERSITY RESIDENCE HALL,1
C13,OTHER COMMERCIAL TRANSPORTATION,1
C13,CEMETARY,1
C13,TAXICAB,1
C14,STREET,255
C14,APARTMENT,105
C14,RESIDENCE,79
C14,SIDEWALK,72
C14,VEHICLE NON-COMMERCIAL,36
C14,ALLEY,28
C14,RESIDENCE-GARAGE,22
C14,RESTAURANT,21
C14,RESIDENTIAL YARD (FRONT/BACK),20
C14,OTHER,18
C14,PARKING LOT/GARAGE(NON.RESID.),18
C14,RESIDENCE PORCH/HALLWAY,14
C14,CTA TRAIN,13
C14,CONVENIENCE STORE,9
C14,SMALL RETAIL STORE,6
C14,CTA GARAGE / OTHER PROPERTY,5
C14,NURSING HOME/RETIREMENT HOME,5
C14,DRIVEWAY - RESIDENTIAL,5
C14,PARK PROPERTY,3
C14,GROCERY FOOD STORE,3
C14,BAR OR TAVERN,3
C14,CTA STATION,3
C14,COMMERCIAL / BUSINESS OFFICE,3
C14,TAXICAB,2
C14,DRUG STORE,2
C14,CTA PLATFORM,2
C14,VEHICLE - OTHER RIDE SERVICE,2
C14,TAVERN/LIQUOR STORE,1
C14,VEHICLE-COMMERCIAL,1
C14,SPORTS ARENA/STADIUM,1
C14,"SCHOOL, PUBLIC, BUILDING",1
C14,GAS STATION,1
C14,CHA APARTMENT,1
C14,CHURCH/SYNAGOGUE/PLACE OF WORSHIP,1
C15,STREET,312
C15,RESIDENCE,213
C15,APARTMENT,109
C15,SIDEWALK,58
C15,RESIDENCE-GARAGE,43
C15,PARKING LOT/GARAGE(NON.RESID.),33
C15,ALLEY,31
C15,VEHICLE NON-COMMERCIAL,31
C15,RESTAURANT,22
C15,RESIDENTIAL YARD (FRONT/BACK),21
C15,GROCERY FOOD STORE,14
C15,SMALL RETAIL STORE,14
C15,OTHER,13
C15,CONVENIENCE STORE,12
C15,BAR OR TAVERN,10
C15,GAS STATION,9
C15,COMMERCIAL / BUSINESS OFFICE,8
C15,RESIDENCE PORCH/HALLWAY,6
C15,DRIVEWAY - RESIDENTIAL,6
C15,ATM (AUTOMATIC TELLER MACHINE),6
C15,HOSPITAL BUILDING/GROUNDS,5
C15,TAXICAB,3
C15,CHURCH/SYNAGOGUE/PLACE OF WORSHIP,3
C15,PARK PROPERTY,3
C15,DEPARTMENT STORE,3
C15,CAR WASH,2
C15,MOVIE HOUSE/THEATER,2
C15,DRUG STORE,2
C15,"SCHOOL, PRIVATE, BUILDING",2
C15,HOTEL/MOTEL,2
C15,TAVERN/LIQUOR STORE,2
C15,POOL ROOM,2
C15,VEHICLE-COMMERCIAL,2
C15,AIRPORT/AIRCRAFT,1
C15,NURSING HOME/RETIREMENT HOME,1
C15,"SCHOOL, PUBLIC, BUILDING",1
C15,MEDICAL/DENTAL OFFICE,1
C15,SPORTS ARENA/STADIUM,1
C15,LIBRARY,1
C15,VEHICLE - OTHER RIDE SERVICE,1
C15,DAY CARE CENTER,1
C15,ANIMAL HOSPITAL,1
C15,ATHLETIC CLUB,1
C15,ABANDONED BUILDING,1
C15,"SCHOOL, PRIVATE, GROUNDS",1
C15,CLEANING STORE,1
C15,CONSTRUCTION SITE,1
C15,BARBERSHOP,1
C16,STREET,316
C16,APARTMENT,125
C16,RESIDENCE,108
C16,SIDEWALK,71
C16,VEHICLE NON-COMMERCIAL,43
C16,RESIDENCE-GARAGE,39
C16,OTHER,34
C16,ALLEY,22
C16,RESIDENTIAL YARD (FRONT/BACK),20
C16,RESTAURANT,20
C16,PARKING LOT/GARAGE(NON.RESID.),17
C16,CONVENIENCE STORE,15
C16,BAR OR TAVERN,15
C16,SMALL RETAIL STORE,15
C16,RESIDENCE PORCH/HALLWAY,11
C16,GAS STATION,9
C16,TAXICAB,8
C16,TAVERN/LIQUOR STORE,6
C16,VEHICLE-COMMERCIAL,4
C16,COMMERCIAL / BUSINESS OFFICE,4
C16,DRUG STORE,3
C16,CURRENCY EXCHANGE,3
C16,CTA TRAIN,3
C16,PARK PROPERTY,3
C16,GROCERY FOOD STORE,3
C16,CTA BUS STOP,2
C16,DRIVEWAY - RESIDENTIAL,2
C16,CLEANING STORE,2
C16,DEPARTMENT STORE,2
C16,NURSING HOME/RETIREMENT HOME,2
C16,"SCHOOL, PUBLIC, BUILDING",2
C16,FACTORY/MANUFACTURING BUILDING,2
C16,BANK,1
C16,ANIMAL HOSPITAL,1
C16,CHURCH/SYNAGOGUE/PLACE OF WORSHIP,1
C16,OTHER RAILROAD PROP / TRAIN DEPOT,1
C16,CTA BUS,1
C16,ATM (AUTOMATIC TELLER MACHINE),1
C16,WAREHOUSE,1
C16,CONSTRUCTION SITE,1
C16,OTHER COMMERCIAL TRANSPORTATION,1
C16,GOVERNMENT BUILDING/PROPERTY,1
C16,CTA STATION,1
C16,SPORTS ARENA/STADIUM,1
C16,MOVIE HOUSE/THEATER,1
C16,"SCHOOL, PUBLIC, GROUNDS",1
C17,RESIDENCE,135
C17,STREET,123
C17,APARTMENT,40
C17,RESIDENCE-GARAGE,27
C17,SIDEWALK,21
C17,RESIDENTIAL YARD (FRONT/BACK),16
C17,ALLEY,13
C17,VEHICLE NON-COMMERCIAL,11
C17,PARKING LOT/GARAGE(NON.RESID.),11
C17,BAR OR TAVERN,8
C17,RESTAURANT,8
C17,OTHER,7
C17,RESIDENCE PORCH/HALLWAY,5
C17,DRIVEWAY - RESIDENTIAL,5
C17,"SCHOOL, PUBLIC, BUILDING",4
C17,TAXICAB,3
C17,POOL ROOM,2
C17,CONVENIENCE STORE,2
C17,GAS STATION,2
C17,SMALL RETAIL STORE,2
C17,WAREHOUSE,1
C17,PARK PROPERTY,1
C17,COLLEGE/UNIVERSITY RESIDENCE HALL,1
C17,"SCHOOL, PUBLIC, GROUNDS",1
C17,CHURCH/SYNAGOGUE/PLACE OF WORSHIP,1
C17,TAVERN/LIQUOR STORE,1
C18,RESIDENCE,55
C18,STREET,51
C18,APARTMENT,26
C18,SIDEWALK,11
C18,RESIDENCE-GARAGE,9
C18,PARKING LOT/GARAGE(NON.RESID.),7
C18,OTHER,6
C18,VEHICLE NON-COMMERCIAL,6
C18,SMALL RETAIL STORE,4
C18,RESIDENTIAL YARD (FRONT/BACK),4
C18,DRIVEWAY - RESIDENTIAL,3
C18,CONVENIENCE STORE,3
C18,RESIDENCE PORCH/HALLWAY,2
C18,RESTAURANT,2
C18,ALLEY,2
C18,BAR OR TAVERN,2
C18,NURSING HOME/RETIREMENT HOME,1
C18,BANK,1
C18,COMMERCIAL / BUSINESS OFFICE,1
C18,ATM (AUTOMATIC TELLER MACHINE),1
C18,CTA BUS,1
C18,PARK PROPERTY,1
C18,GROCERY FOOD STORE,1
C18,CAR WASH,1
C19,STREET,460
C19,RESIDENCE,244
C19,APARTMENT,148
C19,SIDEWALK,102
C19,RESIDENTIAL YARD (FRONT/BACK),44
C19,ALLEY,43
C19,RESIDENCE-GARAGE,41
C19,PARKING LOT/GARAGE(NON.RESID.),38
C19,RESTAURANT,31
C19,VEHICLE NON-COMMERCIAL,29
C19,SMALL RETAIL STORE,27
C19,OTHER,26
C19,BAR OR TAVERN,14
C19,POLICE FACILITY/VEH PARKING LOT,12
C19,RESIDENCE PORCH/HALLWAY,11
C19,CONVENIENCE STORE,10
C19,GROCERY FOOD STORE,10
C19,GAS STATION,10
C19,DRIVEWAY - RESIDENTIAL,9
C19,ATHLETIC CLUB,9
C19,COMMERCIAL / BUSINESS OFFICE,8
C19,GOVERNMENT BUILDING/PROPERTY,6
C19,TAVERN/LIQUOR STORE,5
C19,DEPARTMENT STORE,5
C19,NURSING HOME/RETIREMENT HOME,5
C19,CURRENCY EXCHANGE,4
C19,PARK PROPERTY,3
C19,SPORTS ARENA/STADIUM,3
C19,DRUG STORE,3
C19,COIN OPERATED MACHINE,2
C19,JAIL / LOCK-UP FACILITY,2
C19,WAREHOUSE,2
C19,TAXICAB,2
C19,PAWN SHOP,2
C19,VEHICLE - OTHER RIDE SERVICE,2
C19,CTA BUS STOP,2
C19,CHURCH/SYNAGOGUE/PLACE OF WORSHIP,2
C19,CLEANING STORE,1
C19,YARD,1
C19,ATM (AUTOMATIC TELLER MACHINE),1
C19,AUTO / BOAT / RV DEALERSHIP,1
C19,"SCHOOL, PRIVATE, BUILDING",1
C19,BARBERSHOP,1
C19,POOL ROOM,1
C19,VACANT LOT/LAND,1
C19,FACTORY/MANUFACTURING BUILDING,1
C19,"SCHOOL, PUBLIC, GROUNDS",1
C2,STREET,364
C2,APARTMENT,185
C2,RESIDENCE,117
C2,SIDEWALK,59
C2,OTHER,43
C2,ALLEY,36
C2,PARKING LOT/GARAGE(NON.RESID.),35
C2,RESIDENCE-GARAGE,34
C2,VEHICLE NON-COMMERCIAL,26
C2,RESIDENTIAL YARD (FRONT/BACK),22
C2,RESTAURANT,19
C2,RESIDENCE PORCH/HALLWAY,16
C2,CONVENIENCE STORE,14
C2,BAR OR TAVERN,11
C2,SMALL RETAIL STORE,11
C2,TAXICAB,10
C2,DRUG STORE,9
C2,NURSING HOME/RETIREMENT HOME,8
C2,CHURCH/SYNAGOGUE/PLACE OF WORSHIP,8
C2,GROCERY FOOD STORE,7
C2,GAS STATION,7
C2,COMMERCIAL / BUSINESS OFFICE,6
C2,CURRENCY EXCHANGE,6
C2,PARK PROPERTY,6
C2,DRIVEWAY - RESIDENTIAL,5
C2,HOTEL/MOTEL,4
C2,"SCHOOL, PUBLIC, GROUNDS",3
C2,BANK,3
C2,CLEANING STORE,2
C2,ATM (AUTOMATIC TELLER MACHINE),2
C2,CAR WASH,1
C2,SPORTS ARENA/STADIUM,1
C2,VEHICLE - OTHER RIDE SERVICE,1
C2,CHA HALLWAY/STAIRWELL/ELEVATOR,1
C2,HOSPITAL BUILDING/GROUNDS,1
C2,"SCHOOL, PRIVATE, BUILDING",1
C2,TAVERN/LIQUOR STORE,1
C2,DEPARTMENT STORE,1
C20,STREET,146
C20,RESIDENCE,73
C20,APARTMENT,70
C20,SIDEWALK,26
C20,ALLEY,21
C20,VEHICLE NON-COMMERCIAL,15
C20,RESIDENCE-GARAGE,14
C20,RESIDENTIAL YARD (FRONT/BACK),11
C20,SMALL RETAIL STORE,9
C20,OTHER,8
C20,RESTAURANT,6
C20,GAS STATION,6
C20,PARKING LOT/GARAGE(NON.RESID.),5
C20,DEPARTMENT STORE,3
C20,TAVERN/LIQUOR STORE,2
C20,TAXICAB,2
C20,FACTORY/MANUFACTURING BUILDING,2
C20,AUTO,1
C20,PARK PROPERTY,1
C20,CONSTRUCTION SITE,1
C20,WAREHOUSE,1
C20,CONVENIENCE STORE,1
C20,VEHICLE-COMMERCIAL,1
C20,GROCERY FOOD STORE,1
C20,CAR WASH,1
C20,VACANT LOT/LAND,1
C20,COMMERCIAL / BUSINESS OFFICE,1
C20,RESIDENCE PORCH/HALLWAY,1
C20,BANK,1
C20,DRIVEWAY - RESIDENTIAL,1
C20,CHURCH/SYNAGOGUE/PLACE OF WORSHIP,1
C21,STREET,239
C21,APARTMENT,117
C21,RESIDENCE,93
C21,SIDEWALK,50
C21,OTHER,23
C21,RESIDENCE-GARAGE,20
C21,ALLEY,20
C21,SMALL RETAIL STORE,19
C21,RESIDENTIAL YARD (FRONT/BACK),18
C21,VEHICLE NON-COMMERCIAL,17
C21,CONVENIENCE STORE,15
C21,PARKING LOT/GARAGE(NON.RESID.),15
C21,RESTAURANT,14
C21,BAR OR TAVERN,12
C21,GAS STATION,12
C21,RESIDENCE PORCH/HALLWAY,11
C21,CTA TRAIN,6
C21,CTA PLATFORM,4
C21,DEPARTMENT STORE,4
C21,GROCERY FOOD STORE,3
C21,TAXICAB,3
C21,BANK,3
C21,TAVERN/LIQUOR STORE,3
C21,BARBERSHOP,2
C21,DRUG STORE,2
C21,VEHICLE - OTHER RIDE SERVICE,2
C21,DRIVEWAY - RESIDENTIAL,2
C21,ATM (AUTOMATIC TELLER MACHINE),2
C21,WAREHOUSE,2
C21,HIGHWAY/EXPRESSWAY,1
C21,VACANT LOT/LAND,1
C21,CTA STATION,1
C21,SPORTS ARENA/STADIUM,1
C21,"SCHOOL, PUBLIC, BUILDING",1
C21,ATHLETIC CLUB,1
C21,COMMERCIAL / BUSINESS OFFICE,1
C21,CHA APARTMENT,1
C21,CHURCH/SYNAGOGUE/PLACE OF WORSHIP,1
C21,CLEANING STORE,1
C21,ABANDONED BUILDING,1
C21,PARK PROPERTY,1
C22,STREET,518
C22,APARTMENT,179
C22,RESIDENCE,173
C22,SIDEWALK,135
C22,BAR OR TAVERN,85
C22,OTHER,59
C22,VEHICLE NON-COMMERCIAL,49
C22,PARKING LOT/GARAGE(NON.RESID.),45
C22,RESTAURANT,39
C22,ALLEY,37
C22,RESIDENCE-GARAGE,33
C22,RESIDENTIAL YARD (FRONT/BACK),32
C22,SMALL RETAIL STORE,30
C22,RESIDENCE PORCH/HALLWAY,17
C22,GAS STATION,17
C22,DEPARTMENT STORE,14
C22,COMMERCIAL / BUSINESS OFFICE,13
C22,TAVERN/LIQUOR STORE,13
C22,CONVENIENCE STORE,13
C22,PARK PROPERTY,11
C22,DRUG STORE,10
C22,MOVIE HOUSE/THEATER,7
C22,CTA BUS STOP,6
C22,CTA PLATFORM,6
C22,BOWLING ALLEY,5
C22,ATHLETIC CLUB,5
C22,TAXICAB,5
C22,VEHICLE - OTHER RIDE SERVICE,4
C22,BANK,4
C22,GROCERY FOOD STORE,4
C22,CHA APARTMENT,3
C22,CTA TRAIN,3
C22,NURSING HOME/RETIREMENT HOME,3
C22,DRIVEWAY - RESIDENTIAL,2
C22,CHURCH/SYNAGOGUE/PLACE OF WORSHIP,2
C22,OTHER RAILROAD PROP / TRAIN DEPOT,2
C22,WAREHOUSE,2
C22,CHA PARKING LOT/GROUNDS,2
C22,CTA BUS,2
C22,BARBERSHOP,2
C22,CTA STATION,2
C22,"SCHOOL, PUBLIC, GROUNDS",1
C22,FEDERAL BUILDING,1
C22,HOSPITAL BUILDING/GROUNDS,1
C22,AUTO,1
C22,ABANDONED BUILDING,1
C22,CURRENCY EXCHANGE,1
C22,CLEANING STORE,1
C22,JAIL / LOCK-UP FACILITY,1
C22,ATM (AUTOMATIC TELLER MACHINE),1
C22,POLICE FACILITY/VEH PARKING LOT,1
C22,VEHICLE-COMMERCIAL,1
C22,CTA GARAGE / OTHER PROPERTY,1
C22,VACANT LOT/LAND,1
C22,CAR WASH,1
C22,MEDICAL/DENTAL OFFICE,1
C23,STREET,710
C23,APARTMENT,327
C23,RESIDENCE,308
C23,SIDEWALK,254
C23,VEHICLE NON-COMMERCIAL,65
C23,ALLEY,64
C23,RESIDENTIAL YARD (FRONT/BACK),59
C23,GAS STATION,51
C23,OTHER,47
C23,RESIDENCE-GARAGE,44
C23,RESIDENCE PORCH/HALLWAY,44
C23,PARKING LOT/GARAGE(NON.RESID.),41
C23,SMALL RETAIL STORE,26
C23,RESTAURANT,17
C23,VACANT LOT/LAND,9
C23,COMMERCIAL / BUSINESS OFFICE,8
C23,CHA APARTMENT,8
C23,TAXICAB,7
C23,PARK PROPERTY,6
C23,BAR OR TAVERN,6
C23,CHURCH/SYNAGOGUE/PLACE OF WORSHIP,6
C23,WAREHOUSE,5
C23,TAVERN/LIQUOR STORE,5
C23,DEPARTMENT STORE,5
C23,CTA BUS,4
C23,CONVENIENCE STORE,4
C23,"SCHOOL, PUBLIC, GROUNDS",4
C23,LIBRARY,4
C23,BANK,4
C23,CONSTRUCTION SITE,3
C23,DRIVEWAY - RESIDENTIAL,3
C23,PAWN SHOP,2
C23,SPORTS ARENA/STADIUM,2
C23,GROCERY FOOD STORE,2
C23,HOSPITAL BUILDING/GROUNDS,2
C23,CTA BUS STOP,2
C23,CLEANING STORE,2
C23,CURRENCY EXCHANGE,2
C23,CHA PARKING LOT/GROUNDS,1
C23,HOTEL/MOTEL,1
C23,POLICE FACILITY/VEH PARKING LOT,1
C23,PARKING LOT,1
C23,VEHICLE-COMMERCIAL,1
C23,DRIVEWAY,1
C23,NURSING HOME/RETIREMENT HOME,1
C23,"SCHOOL, PUBLIC, BUILDING",1
C23,VEHICLE - OTHER RIDE SERVICE,1
C23,DAY CARE CENTER,1
C24,STREET,924
C24,APARTMENT,240
C24,SIDEWALK,240
C24,RESIDENCE,215
C24,BAR OR TAVERN,123
C24,RESTAURANT,93
C24,RESIDENCE-GARAGE,86
C24,OTHER,84
C24,ALLEY,75
C24,VEHICLE NON-COMMERCIAL,74
C24,PARKING LOT/GARAGE(NON.RESID.),60
C24,RESIDENTIAL YARD (FRONT/BACK),51
C24,RESIDENCE PORCH/HALLWAY,47
C24,SMALL RETAIL STORE,36
C24,GAS STATION,22
C24,HOSPITAL BUILDING/GROUNDS,21
C24,TAVERN/LIQUOR STORE,20
C24,CHA APARTMENT,16
C24,PARK PROPERTY,15
C24,CTA TRAIN,13
C24,CONVENIENCE STORE,12
C24,CTA PLATFORM,12
C24,COMMERCIAL / BUSINESS OFFICE,12
C24,TAXICAB,11
C24,DRIVEWAY - RESIDENTIAL,11
C24,GROCERY FOOD STORE,8
C24,DRUG STORE,8
C24,ATM (AUTOMATIC TELLER MACHINE),8
C24,DEPARTMENT STORE,7
C24,CONSTRUCTION SITE,6
C24,NURSING HOME/RETIREMENT HOME,5
C24,CTA STATION,4
C24,"SCHOOL, PUBLIC, BUILDING",4
C24,CTA BUS STOP,4
C24,CHA PARKING LOT/GROUNDS,4
C24,HOTEL/MOTEL,4
C24,WAREHOUSE,4
C24,SPORTS ARENA/STADIUM,3
C24,MEDICAL/DENTAL OFFICE,3
C24,BANK,3
C24,CTA BUS,3
C24,VEHICLE-COMMERCIAL,2
C24,VACANT LOT/LAND,2
C24,ATHLETIC CLUB,2
C24,FACTORY/MANUFACTURING BUILDING,2
C24,VEHICLE - OTHER RIDE SERVICE,2
C24,POOL ROOM,2
C24,"SCHOOL, PRIVATE, BUILDING",2
C24,BARBERSHOP,2
C24,PAWN SHOP,1
C24,CAR WASH,1
C24,"SCHOOL, PUBLIC, GROUNDS",1
C24,LIBRARY,1
C24,"SCHOOL, PRIVATE, GROUNDS",1
C24,CHURCH/SYNAGOGUE/PLACE OF WORSHIP,1
C24,VEHICLE - DELIVERY TRUCK,1
C24,CURRENCY EXCHANGE,1
C24,DAY CARE CENTER,1
C24,AUTO,1
C24,HIGHWAY/EXPRESSWAY,1
C25,STREET,1419
C25,APARTMENT,783
C25,RESIDENCE,665
C25,SIDEWALK,516
C25,ALLEY,124
C25,GAS STATION,114
C25,RESIDENTIAL YARD (FRONT/BACK),108
C25,VEHICLE NON-COMMERCIAL,99
C25,OTHER,95
C25,PARKING LOT/GARAGE(NON.RESID.),83
C25,RESIDENCE PORCH/HALLWAY,82
C25,RESIDENCE-GARAGE,49
C25,RESTAURANT,39
C25,SMALL RETAIL STORE,35
C25,NURSING HOME/RETIREMENT HOME,32
C25,DEPARTMENT STORE,22
C25,CONVENIENCE STORE,17
C25,COMMERCIAL / BUSINESS OFFICE,13
C25,HOSPITAL BUILDING/GROUNDS,13
C25,CTA BUS STOP,13
C25,DRIVEWAY - RESIDENTIAL,12
C25,TAVERN/LIQUOR STORE,12
C25,PARK PROPERTY,10
C25,GROCERY FOOD STORE,10
C25,CTA TRAIN,9
C25,POLICE FACILITY/VEH PARKING LOT,8
C25,CTA STATION,8
C25,CHURCH/SYNAGOGUE/PLACE OF WORSHIP,7
C25,CTA BUS,7
C25,CURRENCY EXCHANGE,6
C25,BARBERSHOP,6
C25,BAR OR TAVERN,6
C25,DRUG STORE,5
C25,VACANT LOT/LAND,5
C25,TAXICAB,5
C25,CTA PLATFORM,4
C25,"SCHOOL, PUBLIC, BUILDING",4
C25,FACTORY/MANUFACTURING BUILDING,3
C25,ATM (AUTOMATIC TELLER MACHINE),3
C25,JAIL / LOCK-UP FACILITY,3
C25,ATHLETIC CLUB,2
C25,MOVIE HOUSE/THEATER,2
C25,"SCHOOL, PRIVATE, GROUNDS",2
C25,ABANDONED BUILDING,2
C25,WAREHOUSE,2
C25,HIGHWAY/EXPRESSWAY,2
C25,GOVERNMENT BUILDING/PROPERTY,2
C25,VEHICLE-COMMERCIAL,2
C25,PORCH,2
C25,SPORTS ARENA/STADIUM,2
C25,CAR WASH,2
C25,BANK,2
C25,CHA APARTMENT,1
C25,COIN OPERATED MACHINE,1
C25,CLEANING STORE,1
C25,POOL ROOM,1
C25,CONSTRUCTION SITE,1
C25,APPLIANCE STORE,1
C25,PARKING LOT,1
C25,HOUSE,1
C25,MEDICAL/DENTAL OFFICE,1
C25,VEHICLE - OTHER RIDE SERVICE,1
C26,STREET,457
C26,APARTMENT,258
C26,SIDEWALK,226
C26,RESIDENCE,163
C26,GAS STATION,84
C26,ALLEY,60
C26,RESIDENTIAL YARD (FRONT/BACK),45
C26,RESIDENCE PORCH/HALLWAY,38
C26,VEHICLE NON-COMMERCIAL,30
C26,PARKING LOT/GARAGE(NON.RESID.),27
C26,OTHER,26
C26,VACANT LOT/LAND,12
C26,RESTAURANT,11
C26,CTA STATION,8
C26,GROCERY FOOD STORE,8
C26,ABANDONED BUILDING,7
C26,CTA TRAIN,4
C26,CTA BUS,3
C26,VEHICLE-COMMERCIAL,3
C26,CONVENIENCE STORE,3
C26,BAR OR TAVERN,3
C26,NURSING HOME/RETIREMENT HOME,3
C26,CTA BUS STOP,3
C26,RESIDENCE-GARAGE,3
C26,SMALL RETAIL STORE,3
C26,HOTEL/MOTEL,2
C26,BARBERSHOP,2
C26,TAXICAB,2
C26,CTA PLATFORM,2
C26,COMMERCIAL / BUSINESS OFFICE,2
C26,TAVERN/LIQUOR STORE,1
C26,PARK PROPERTY,1
C26,SPORTS ARENA/STADIUM,1
C26,"SCHOOL, PUBLIC, BUILDING",1
C26,FACTORY/MANUFACTURING BUILDING,1
C26,HOSPITAL BUILDING/GROUNDS,1
C26,CHURCH/SYNAGOGUE/PLACE OF WORSHIP,1
C26,DRIVEWAY - RESIDENTIAL,1
C26,AUTO,1
C26,CONSTRUCTION SITE,1
C26,WAREHOUSE,1
C26,ATM (AUTOMATIC TELLER MACHINE),1
C27,STREET,392
C27,APARTMENT,280
C27,RESIDENCE,152
C27,SIDEWALK,146
C27,GAS STATION,46
C27,OTHER,39
C27,ALLEY,38
C27,VEHICLE NON-COMMERCIAL,33
C27,RESIDENTIAL YARD (FRONT/BACK),26
C27,PARKING LOT/GARAGE(NON.RESID.),24
C27,POLICE FACILITY/VEH PARKING LOT,23
C27,RESIDENCE PORCH/HALLWAY,19
C27,RESTAURANT,9
C27,BAR OR TAVERN,9
C27,CTA PLATFORM,8
C27,CTA TRAIN,7
C27,VACANT LOT/LAND,6
C27,RESIDENCE-GARAGE,6
C27,SMALL RETAIL STORE,6
C27,CHA APARTMENT,6
C27,CHA HALLWAY/STAIRWELL/ELEVATOR,6
C27,CTA BUS STOP,5
C27,PARK PROPERTY,5
C27,CTA STATION,4
C27,JAIL / LOCK-UP FACILITY,3
C27,HOTEL/MOTEL,3
C27,CONVENIENCE STORE,3
C27,GOVERNMENT BUILDING/PROPERTY,2
C27,"SCHOOL, PUBLIC, BUILDING",2
C27,DRIVEWAY - RESIDENTIAL,2
C27,ABANDONED BUILDING,2
C27,AUTO,2
C27,TAVERN/LIQUOR STORE,2
C27,WAREHOUSE,2
C27,CHA PARKING LOT/GROUNDS,2
C27,TAXICAB,2
C27,SPORTS ARENA/STADIUM,1
C27,COMMERCIAL / BUSINESS OFFICE,1
C27,"SCHOOL, PUBLIC, GROUNDS",1
C27,VEHICLE - OTHER RIDE SERVICE,1
C27,HOSPITAL BUILDING/GROUNDS,1
C27,CHURCH/SYNAGOGUE/PLACE OF WORSHIP,1
C27,CTA BUS,1
C27,ATM (AUTOMATIC TELLER MACHINE),1
C27,HIGHWAY/EXPRESSWAY,1
C28,STREET,711
C28,APARTMENT,221
C28,SIDEWALK,166
C28,RESIDENCE,158
C28,OTHER,149
C28,PARKING LOT/GARAGE(NON.RESID.),124
C28,RESTAURANT,105
C28,BAR OR TAVERN,53
C28,VEHICLE NON-COMMERCIAL,47
C28,CHA APARTMENT,42
C28,SMALL RETAIL STORE,38
C28,GROCERY FOOD STORE,32
C28,ALLEY,31
C28,HOSPITAL BUILDING/GROUNDS,29
C28,CHA PARKING LOT/GROUNDS,28
C28,CTA TRAIN,27
C28,GAS STATION,27
C28,RESIDENCE-GARAGE,27
C28,PARK PROPERTY,24
C28,HOTEL/MOTEL,21
C28,COMMERCIAL / BUSINESS OFFICE,19
C28,RESIDENTIAL YARD (FRONT/BACK),18
C28,RESIDENCE PORCH/HALLWAY,18
C28,CONVENIENCE STORE,17
C28,DRUG STORE,15
C28,DEPARTMENT STORE,14
C28,SPORTS ARENA/STADIUM,13
C28,OTHER COMMERCIAL TRANSPORTATION,11
C28,CURRENCY EXCHANGE,9
C28,ATM (AUTOMATIC TELLER MACHINE),9
C28,TAXICAB,9
C28,CTA PLATFORM,9
C28,OTHER RAILROAD PROP / TRAIN DEPOT,8
C28,CONSTRUCTION SITE,7
C28,VEHICLE-COMMERCIAL,7
C28,GOVERNMENT BUILDING/PROPERTY,7
C28,BANK,6
C28,CHURCH/SYNAGOGUE/PLACE OF WORSHIP,6
C28,CTA STATION,6
C28,CTA BUS STOP,6
C28,CHA HALLWAY/STAIRWELL/ELEVATOR,6
C28,CTA BUS,5
C28,"SCHOOL, PUBLIC, BUILDING",5
C28,TAVERN/LIQUOR STORE,4
C28,COLLEGE/UNIVERSITY GROUNDS,4
C28,VEHICLE - OTHER RIDE SERVICE,4
C28,DRIVEWAY - RESIDENTIAL,3
C28,WAREHOUSE,3
C28,NURSING HOME/RETIREMENT HOME,3
C28,"SCHOOL, PUBLIC, GROUNDS",3
C28,ABANDONED BUILDING,2
C28,POOL ROOM,2
C28,POLICE FACILITY/VEH PARKING LOT,2
C28,CTA GARAGE / OTHER PROPERTY,2
C28,VACANT LOT/LAND,2
C28,MEDICAL/DENTAL OFFICE,2
C28,ATHLETIC CLUB,2
C28,SCHOOL YARD,1
C28,DAY CARE CENTER,1
C28,FIRE STATION,1
C28,JAIL / LOCK-UP FACILITY,1
C28,COLLEGE/UNIVERSITY RESIDENCE HALL,1
C28,"SCHOOL, PRIVATE, BUILDING",1
C29,STREET,618
C29,APARTMENT,510
C29,RESIDENCE,359
C29,SIDEWALK,326
C29,ALLEY,72
C29,GAS STATION,63
C29,VEHICLE NON-COMMERCIAL,60
C29,RESIDENTIAL YARD (FRONT/BACK),54
C29,OTHER,54
C29,RESIDENCE PORCH/HALLWAY,52
C29,PARKING LOT/GARAGE(NON.RESID.),33
C29,HOSPITAL BUILDING/GROUNDS,22
C29,VACANT LOT/LAND,17
C29,PARK PROPERTY,15
C29,POLICE FACILITY/VEH PARKING LOT,14
C29,ABANDONED BUILDING,13
C29,RESIDENCE-GARAGE,12
C29,RESTAURANT,8
C29,CONVENIENCE STORE,6
C29,TAVERN/LIQUOR STORE,6
C29,CTA TRAIN,6
C29,CTA STATION,5
C29,CTA BUS STOP,5
C29,SMALL RETAIL STORE,5
C29,CHURCH/SYNAGOGUE/PLACE OF WORSHIP,4
C29,CHA APARTMENT,4
C29,GOVERNMENT BUILDING/PROPERTY,3
C29,"SCHOOL, PUBLIC, GROUNDS",3
C29,DRIVEWAY - RESIDENTIAL,3
C29,BAR OR TAVERN,2
C29,CHA HALLWAY/STAIRWELL/ELEVATOR,2
C29,CTA PLATFORM,2
C29,COMMERCIAL / BUSINESS OFFICE,2
C29,ATM (AUTOMATIC TELLER MACHINE),2
C29,DEPARTMENT STORE,1
C29,POOL ROOM,1
C29,VEHICLE-COMMERCIAL,1
C29,OTHER COMMERCIAL TRANSPORTATION,1
C29,GROCERY FOOD STORE,1
C29,TAXICAB,1
C29,PORCH,1
C29,VEHICLE - OTHER RIDE SERVICE,1
C29,"SCHOOL, PUBLIC, BUILDING",1
C29,AUTO,1
C29,DAY CARE CENTER,1
C29,WAREHOUSE,1
C29,CONSTRUCTION SITE,1
C29,CHA PARKING LOT/GROUNDS,1
C29,CTA PROPERTY,1
C3,STREET,182
C3,APARTMENT,182
C3,RESIDENCE,104
C3,SIDEWALK,83
C3,OTHER,65
C3,PARKING LOT/GARAGE(NON.RESID.),34
C3,RESTAURANT,27
C3,RESIDENCE PORCH/HALLWAY,22
C3,ALLEY,19
C3,NURSING HOME/RETIREMENT HOME,17
C3,HOSPITAL BUILDING/GROUNDS,17
C3,VEHICLE NON-COMMERCIAL,16
C3,SMALL RETAIL STORE,14
C3,PARK PROPERTY,14
C3,CONVENIENCE STORE,12
C3,BAR OR TAVERN,10
C3,RESIDENCE-GARAGE,10
C3,MOVIE HOUSE/THEATER,9
C3,RESIDENTIAL YARD (FRONT/BACK),8
C3,CTA TRAIN,5
C3,GROCERY FOOD STORE,5
C3,DEPARTMENT STORE,4
C3,GAS STATION,3
C3,HOTEL/MOTEL,3
C3,TAVERN/LIQUOR STORE,3
C3,SPORTS ARENA/STADIUM,3
C3,"SCHOOL, PUBLIC, GROUNDS",3
C3,BANK,2
C3,DRUG STORE,2
C3,CONSTRUCTION SITE,2
C3,ATM (AUTOMATIC TELLER MACHINE),2
C3,TAXICAB,2
C3,"SCHOOL, PUBLIC, BUILDING",2
C3,MEDICAL/DENTAL OFFICE,2
C3,COMMERCIAL / BUSINESS OFFICE,2
C3,CTA BUS STOP,1
C3,CHA APARTMENT,1
C3,"SCHOOL, PRIVATE, GROUNDS",1
C3,CHA HALLWAY/STAIRWELL/ELEVATOR,1
C3,DRIVEWAY - RESIDENTIAL,1
C3,CHURCH/SYNAGOGUE/PLACE OF WORSHIP,1
C3,CLEANING STORE,1
C3,ANIMAL HOSPITAL,1
C3,CHA PARKING LOT/GROUNDS,1
C3,"SCHOOL, PRIVATE, BUILDING",1
C3,COLLEGE/UNIVERSITY GROUNDS,1
C3,TAVERN,1
C3,CTA STATION,1
C3,CTA GARAGE / OTHER PROPERTY,1
C3,BOAT/WATERCRAFT,1
C30,STREET,459
C30,APARTMENT,224
C30,RESIDENCE,186
C30,SIDEWALK,168
C30,ALLEY,46
C30,VEHICLE NON-COMMERCIAL,44
C30,RESIDENTIAL YARD (FRONT/BACK),42
C30,OTHER,39
C30,PARKING LOT/GARAGE(NON.RESID.),25
C30,RESIDENCE-GARAGE,19
C30,RESIDENCE PORCH/HALLWAY,19
C30,GAS STATION,18
C30,RESTAURANT,17
C30,BAR OR TAVERN,11
C30,DRUG STORE,8
C30,GROCERY FOOD STORE,6
C30,DRIVEWAY - RESIDENTIAL,6
C30,SMALL RETAIL STORE,6
C30,JAIL / LOCK-UP FACILITY,6
C30,CONVENIENCE STORE,5
C30,COMMERCIAL / BUSINESS OFFICE,4
C30,"SCHOOL, PUBLIC, GROUNDS",4
C30,"SCHOOL, PUBLIC, BUILDING",3
C30,CHA APARTMENT,3
C30,GOVERNMENT BUILDING/PROPERTY,2
C30,VACANT LOT/LAND,2
C30,HOSPITAL BUILDING/GROUNDS,2
C30,"SCHOOL, PRIVATE, GROUNDS",2
C30,CTA BUS STOP,2
C30,CHURCH/SYNAGOGUE/PLACE OF WORSHIP,2
C30,ANIMAL HOSPITAL,2
C30,OTHER RAILROAD PROP / TRAIN DEPOT,2
C30,CHA PARKING LOT/GROUNDS,2
C30,TAVERN/LIQUOR STORE,2
C30,POLICE FACILITY/VEH PARKING LOT,1
C30,PARK PROPERTY,1
C30,CTA STATION,1
C30,SPORTS ARENA/STADIUM,1
C30,OTHER COMMERCIAL TRANSPORTATION,1
C30,CTA PLATFORM,1
C30,VEHICLE - OTHER RIDE SERVICE,1
C30,BANK,1
C30,YARD,1
C30,WAREHOUSE,1
C30,"SCHOOL, PRIVATE, BUILDING",1
C31,STREET,231
C31,APARTMENT,123
C31,RESIDENCE,103
C31,SIDEWALK,77
C31,RESTAURANT,35
C31,OTHER,31
C31,PARKING LOT/GARAGE(NON.RESID.),21
C31,ALLEY,20
C31,BAR OR TAVERN,17
C31,VEHICLE NON-COMMERCIAL,17
C31,RESIDENCE-GARAGE,15
C31,GAS STATION,12
C31,RESIDENCE PORCH/HALLWAY,12
C31,SMALL RETAIL STORE,10
C31,RESIDENTIAL YARD (FRONT/BACK),9
C31,PARK PROPERTY,7
C31,COMMERCIAL / BUSINESS OFFICE,6
C31,CTA TRAIN,5
C31,WAREHOUSE,4
C31,GROCERY FOOD STORE,4
C31,CTA PLATFORM,3
C31,DRIVEWAY - RESIDENTIAL,3
C31,ATM (AUTOMATIC TELLER MACHINE),3
C31,DEPARTMENT STORE,3
C31,VEHICLE-COMMERCIAL,3
C31,CTA STATION,3
C31,FACTORY/MANUFACTURING BUILDING,2
C31,"SCHOOL, PUBLIC, GROUNDS",2
C31,VEHICLE - OTHER RIDE SERVICE,2
C31,CHURCH/SYNAGOGUE/PLACE OF WORSHIP,2
C31,OTHER RAILROAD PROP / TRAIN DEPOT,2
C31,"SCHOOL, PRIVATE, BUILDING",2
C31,GOVERNMENT BUILDING/PROPERTY,2
C31,NURSING HOME/RETIREMENT HOME,1
C31,HOUSE,1
C31,FOREST PRESERVE,1
C31,"SCHOOL, PRIVATE, GROUNDS",1
C31,BANK,1
C31,CHA APARTMENT,1
C31,ANIMAL HOSPITAL,1
C31,ABANDONED BUILDING,1
C31,TAVERN/LIQUOR STORE,1
C31,CTA BUS,1
C31,CONSTRUCTION SITE,1
C31,BARBERSHOP,1
C31,CONVENIENCE STORE,1
C31,TAXICAB,1
C31,SPORTS ARENA/STADIUM,1
C31,PORCH,1
C31,VACANT LOT/LAND,1
C32,STREET,246
C32,SIDEWALK,145
C32,RESTAURANT,138
C32,HOTEL/MOTEL,125
C32,OTHER,90
C32,PARK PROPERTY,90
C32,PARKING LOT/GARAGE(NON.RESID.),87
C32,CTA TRAIN,67
C32,SMALL RETAIL STORE,63
C32,APARTMENT,61
C32,RESIDENCE,61
C32,CTA PLATFORM,55
C32,CONVENIENCE STORE,53
C32,DEPARTMENT STORE,45
C32,BAR OR TAVERN,41
C32,CTA STATION,27
C32,COMMERCIAL / BUSINESS OFFICE,27
C32,ALLEY,19
C32,VEHICLE NON-COMMERCIAL,13
C32,TAXICAB,13
C32,BANK,12
C32,ATM (AUTOMATIC TELLER MACHINE),9
C32,GROCERY FOOD STORE,9
C32,DRUG STORE,8
C32,CTA BUS STOP,7
C32,COLLEGE/UNIVERSITY RESIDENCE HALL,6
C32,"SCHOOL, PRIVATE, BUILDING",6
C32,GOVERNMENT BUILDING/PROPERTY,6
C32,MOVIE HOUSE/THEATER,6
C32,TAVERN/LIQUOR STORE,5
C32,VEHICLE-COMMERCIAL,5
C32,GAS STATION,5
C32,RESIDENCE-GARAGE,5
C32,RESIDENTIAL YARD (FRONT/BACK),4
C32,COLLEGE/UNIVERSITY GROUNDS,4
C32,CHURCH/SYNAGOGUE/PLACE OF WORSHIP,4
C32,CTA BUS,3
C32,CTA GARAGE / OTHER PROPERTY,3
C32,LAKEFRONT/WATERFRONT/RIVERBANK,3
C32,VEHICLE - OTHER RIDE SERVICE,3
C32,ATHLETIC CLUB,3
C32,CTA TRACKS - RIGHT OF WAY,2
C32,OTHER COMMERCIAL TRANSPORTATION,2
C32,RESIDENCE PORCH/HALLWAY,2
C32,BOAT/WATERCRAFT,2
C32,VEHICLE - DELIVERY TRUCK,2
C32,JAIL / LOCK-UP FACILITY,1
C32,POLICE FACILITY/VEH PARKING LOT,1
C32,HIGHWAY/EXPRESSWAY,1
C32,NURSING HOME/RETIREMENT HOME,1
C32,BRIDGE,1
C32,SPORTS ARENA/STADIUM,1
C32,MEDICAL/DENTAL OFFICE,1
C32,LIBRARY,1
C32,"SCHOOL, PUBLIC, GROUNDS",1
C32,"SCHOOL, PUBLIC, BUILDING",1
C32,BOWLING ALLEY,1
C32,FEDERAL BUILDING,1
C32,"SCHOOL, PRIVATE, GROUNDS",1
C32,DRIVEWAY - RESIDENTIAL,1
C33,STREET,116
C33,RESIDENCE,57
C33,APARTMENT,51
C33,OTHER,41
C33,SIDEWALK,26
C33,RESTAURANT,21
C33,PARKING LOT/GARAGE(NON.RESID.),18
C33,GROCERY FOOD STORE,15
C33,HOTEL/MOTEL,13
C33,HOSPITAL BUILDING/GROUNDS,12
C33,GAS STATION,11
C33,PARK PROPERTY,11
C33,BAR OR TAVERN,10
C33,TAXICAB,8
C33,RESIDENCE-GARAGE,8
C33,VEHICLE NON-COMMERCIAL,7
C33,SPORTS ARENA/STADIUM,5
C33,ALLEY,5
C33,RESIDENCE PORCH/HALLWAY,4
C33,SMALL RETAIL STORE,4
C33,POLICE FACILITY/VEH PARKING LOT,4
C33,VEHICLE-COMMERCIAL,3
C33,CTA TRAIN,3
C33,LAKEFRONT/WATERFRONT/RIVERBANK,2
C33,BANK,2
C33,BOAT/WATERCRAFT,2
C33,CHA APARTMENT,2
C33,CONSTRUCTION SITE,2
C33,TAVERN/LIQUOR STORE,2
C33,GOVERNMENT BUILDING/PROPERTY,1
C33,OTHER COMMERCIAL TRANSPORTATION,1
C33,NURSING HOME/RETIREMENT HOME,1
C33,MEDICAL/DENTAL OFFICE,1
C33,CTA PLATFORM,1
C33,BRIDGE,1
C33,CTA BUS STOP,1
C33,DRIVEWAY - RESIDENTIAL,1
C33,CHA HALLWAY/STAIRWELL/ELEVATOR,1
C33,"SCHOOL, PRIVATE, GROUNDS",1
C33,RESIDENTIAL YARD (FRONT/BACK),1
C33,JAIL / LOCK-UP FACILITY,1
C33,CTA TRACKS - RIGHT OF WAY,1
C33,CHA PARKING LOT/GROUNDS,1
C33,HIGHWAY/EXPRESSWAY,1
C33,BARBERSHOP,1
C34,STREET,80
C34,RESIDENCE,30
C34,SIDEWALK,29
C34,APARTMENT,23
C34,RESTAURANT,22
C34,CHA PARKING LOT/GROUNDS,21
C34,CTA TRAIN,17
C34,CHA APARTMENT,15
C34,PARKING LOT/GARAGE(NON.RESID.),8
C34,OTHER,7
C34,VEHICLE NON-COMMERCIAL,7
C34,GAS STATION,6
C34,PARK PROPERTY,5
C34,SPORTS ARENA/STADIUM,5
C34,SMALL RETAIL STORE,4
C34,HOTEL/MOTEL,4
C34,BAR OR TAVERN,4
C34,RESIDENCE-GARAGE,4
C34,RESIDENTIAL YARD (FRONT/BACK),3
C34,ATM (AUTOMATIC TELLER MACHINE),3
C34,CTA STATION,3
C34,CTA PLATFORM,3
C34,ALLEY,3
C34,COMMERCIAL / BUSINESS OFFICE,2
C34,RESIDENCE PORCH/HALLWAY,2
C34,CHURCH/SYNAGOGUE/PLACE OF WORSHIP,2
C34,VEHICLE - OTHER RIDE SERVICE,1
C34,CHA HALLWAY/STAIRWELL/ELEVATOR,1
C34,DRIVEWAY - RESIDENTIAL,1
C34,DRUG STORE,1
C34,FIRE STATION,1
C34,CONSTRUCTION SITE,1
C34,NURSING HOME/RETIREMENT HOME,1
C35,STREET,140
C35,APARTMENT,120
C35,RESIDENCE,68
C35,SIDEWALK,35
C35,PARKING LOT/GARAGE(NON.RESID.),34
C35,OTHER,25
C35,CHA PARKING LOT/GROUNDS,18
C35,CHA HALLWAY/STAIRWELL/ELEVATOR,17
C35,GAS STATION,15
C35,RESTAURANT,14
C35,CHA APARTMENT,14
C35,GROCERY FOOD STORE,10
C35,VEHICLE NON-COMMERCIAL,10
C35,RESIDENTIAL YARD (FRONT/BACK),7
C35,CONVENIENCE STORE,6
C35,DRUG STORE,6
C35,HOTEL/MOTEL,5
C35,PARK PROPERTY,5
C35,COLLEGE/UNIVERSITY GROUNDS,4
C35,RESIDENCE-GARAGE,4
C35,SMALL RETAIL STORE,4
C35,NURSING HOME/RETIREMENT HOME,3
C35,TAXICAB,3
C35,RESIDENCE PORCH/HALLWAY,3
C35,CTA TRAIN,2
C35,CTA BUS,2
C35,POLICE FACILITY/VEH PARKING LOT,2
C35,VACANT LOT/LAND,2
C35,"SCHOOL, PUBLIC, BUILDING",2
C35,ALLEY,2
C35,"SCHOOL, PUBLIC, GROUNDS",2
C35,BANK,2
C35,"SCHOOL, PRIVATE, GROUNDS",2
C35,TAVERN/LIQUOR STORE,1
C35,CHA PARKING LOT,1
C35,DEPARTMENT STORE,1
C35,CTA GARAGE / OTHER PROPERTY,1
C35,BAR OR TAVERN,1
C35,CTA STATION,1
C35,CTA BUS STOP,1
C35,BOAT/WATERCRAFT,1
C35,CTA PLATFORM,1
C35,LAKEFRONT/WATERFRONT/RIVERBANK,1
C35,COMMERCIAL / BUSINESS OFFICE,1
C35,DRIVEWAY - RESIDENTIAL,1
C35,ATM (AUTOMATIC TELLER MACHINE),1
C36,APARTMENT,62
C36,STREET,57
C36,RESIDENCE,32
C36,VEHICLE NON-COMMERCIAL,7
C36,RESIDENCE-GARAGE,6
C36,CHA APARTMENT,5
C36,PARKING LOT/GARAGE(NON.RESID.),5
C36,OTHER,5
C36,ALLEY,4
C36,RESIDENTIAL YARD (FRONT/BACK),4
C36,SIDEWALK,4
C36,PARK PROPERTY,4
C36,RESIDENCE PORCH/HALLWAY,3
C36,CHA PARKING LOT/GROUNDS,2
C36,TAXICAB,1
C36,DRIVEWAY - RESIDENTIAL,1
C36,CTA BUS,1
C36,AIRCRAFT,1
C36,GOVERNMENT BUILDING/PROPERTY,1
C37,STREET,65
C37,RESIDENCE,29
C37,APARTMENT,24
C37,GAS STATION,22
C37,PARKING LOT/GARAGE(NON.RESID.),17
C37,POLICE FACILITY/VEH PARKING LOT,15
C37,SIDEWALK,14
C37,CTA TRAIN,10
C37,CTA PLATFORM,6
C37,CURRENCY EXCHANGE,4
C37,VEHICLE NON-COMMERCIAL,4
C37,CTA STATION,4
C37,RESTAURANT,4
C37,ALLEY,3
C37,OTHER,3
C37,ATM (AUTOMATIC TELLER MACHINE),2
C37,GOVERNMENT BUILDING/PROPERTY,2
C37,CHA HALLWAY/STAIRWELL/ELEVATOR,1
C37,VEHICLE - DELIVERY TRUCK,1
C37,OTHER RAILROAD PROP / TRAIN DEPOT,1
C37,RESIDENTIAL YARD (FRONT/BACK),1
C37,CTA BUS,1
C37,CONSTRUCTION SITE,1
C37,CTA TRACKS - RIGHT OF WAY,1
C37,JAIL / LOCK-UP FACILITY,1
C37,HIGHWAY/EXPRESSWAY,1
C37,TAXICAB,1
C37,CONVENIENCE STORE,1
C37,RESIDENCE PORCH/HALLWAY,1
C37,CTA BUS STOP,1
C38,STREET,279
C38,APARTMENT,205
C38,RESIDENCE,109
C38,SIDEWALK,62
C38,OTHER,31
C38,VEHICLE NON-COMMERCIAL,27
C38,HOTEL/MOTEL,22
C38,RESIDENTIAL YARD (FRONT/BACK),21
C38,RESIDENCE PORCH/HALLWAY,17
C38,GAS STATION,17
C38,RESIDENCE-GARAGE,17
C38,RESTAURANT,14
C38,PARKING LOT/GARAGE(NON.RESID.),13
C38,ALLEY,12
C38,CHA APARTMENT,8
C38,CHA PARKING LOT/GROUNDS,8
C38,BAR OR TAVERN,7
C38,TAVERN/LIQUOR STORE,5
C38,CONVENIENCE STORE,3
C38,NURSING HOME/RETIREMENT HOME,3
C38,"SCHOOL, PUBLIC, BUILDING",3
C38,"SCHOOL, PUBLIC, GROUNDS",3
C38,SMALL RETAIL STORE,3
C38,DRIVEWAY - RESIDENTIAL,3
C38,CHA HALLWAY/STAIRWELL/ELEVATOR,3
C38,CTA TRAIN,3
C38,PARK PROPERTY,3
C38,GROCERY FOOD STORE,2
C38,HOSPITAL BUILDING/GROUNDS,2
C38,TAXICAB,1
C38,GOVERNMENT BUILDING/PROPERTY,1
C38,CTA STATION,1
C38,CTA GARAGE / OTHER PROPERTY,1
C38,CTA PLATFORM,1
C38,COMMERCIAL / BUSINESS OFFICE,1
C38,CTA BUS STOP,1
C38,CHURCH/SYNAGOGUE/PLACE OF WORSHIP,1
C38,DAY CARE CENTER,1
C38,AUTO,1
C38,CTA BUS,1
C38,DEPARTMENT STORE,1
C38,ATM (AUTOMATIC TELLER MACHINE),1
C39,STREET,132
C39,APARTMENT,93
C39,RESIDENCE,71
C39,SIDEWALK,20
C39,ALLEY,15
C39,VEHICLE NON-COMMERCIAL,14
C39,OTHER,11
C39,RESIDENCE PORCH/HALLWAY,8
C39,GAS STATION,8
C39,PARKING LOT/GARAGE(NON.RESID.),8
C39,RESIDENTIAL YARD (FRONT/BACK),5
C39,RESIDENCE-GARAGE,4
C39,RESTAURANT,3
C39,PARK PROPERTY,3
C39,DRIVEWAY - RESIDENTIAL,2
C39,NURSING HOME/RETIREMENT HOME,2
C39,VEHICLE - OTHER RIDE SERVICE,1
C39,"SCHOOL, PUBLIC, BUILDING",1
C39,CHA HALLWAY/STAIRWELL/ELEVATOR,1
C39,CHA APARTMENT,1
C39,ATM (AUTOMATIC TELLER MACHINE),1
C39,AUTO,1
C39,CHA PARKING LOT/GROUNDS,1
C39,HOTEL/MOTEL,1
C39,GROCERY FOOD STORE,1
C39,VACANT LOT/LAND,1
C4,STREET,161
C4,APARTMENT,65
C4,RESIDENCE,53
C4,SIDEWALK,38
C4,OTHER,31
C4,RESIDENCE-GARAGE,21
C4,ALLEY,18
C4,PARKING LOT/GARAGE(NON.RESID.),16
C4,HOTEL/MOTEL,14
C4,BAR OR TAVERN,13
C4,HOSPITAL BUILDING/GROUNDS,12
C4,PARK PROPERTY,11
C4,RESIDENTIAL YARD (FRONT/BACK),11
C4,RESTAURANT,10
C4,RESIDENCE PORCH/HALLWAY,9
C4,CONVENIENCE STORE,6
C4,SMALL RETAIL STORE,6
C4,VEHICLE NON-COMMERCIAL,5
C4,TAXICAB,5
C4,TAVERN/LIQUOR STORE,5
C4,NURSING HOME/RETIREMENT HOME,4
C4,ATM (AUTOMATIC TELLER MACHINE),3
C4,CTA STATION,3
C4,GAS STATION,3
C4,POLICE FACILITY/VEH PARKING LOT,2
C4,VEHICLE - OTHER RIDE SERVICE,2
C4,COMMERCIAL / BUSINESS OFFICE,2
C4,CHURCH/SYNAGOGUE/PLACE OF WORSHIP,2
C4,DRIVEWAY - RESIDENTIAL,2
C4,WAREHOUSE,1
C4,BARBERSHOP,1
C4,CTA GARAGE / OTHER PROPERTY,1
C4,GOVERNMENT BUILDING/PROPERTY,1
C4,CAR WASH,1
C4,VACANT LOT/LAND,1
C4,"SCHOOL, PUBLIC, BUILDING",1
C4,MOVIE HOUSE/THEATER,1
C4,CTA PLATFORM,1
C4,MEDICAL/DENTAL OFFICE,1
C4,BANK,1
C4,CLEANING STORE,1
C4,DAY CARE CENTER,1
C4,DRUG STORE,1
C4,CTA BUS,1
C40,APARTMENT,243
C40,STREET,182
C40,RESIDENCE,89
C40,SIDEWALK,68
C40,ALLEY,30
C40,OTHER,26
C40,RESIDENTIAL YARD (FRONT/BACK),23
C40,RESIDENCE PORCH/HALLWAY,19
C40,VEHICLE NON-COMMERCIAL,18
C40,GAS STATION,17
C40,PARKING LOT/GARAGE(NON.RESID.),12
C40,PARK PROPERTY,7
C40,RESTAURANT,4
C40,CONVENIENCE STORE,4
C40,VACANT LOT/LAND,4
C40,TAXICAB,4
C40,CTA PLATFORM,3
C40,TAVERN/LIQUOR STORE,3
C40,BAR OR TAVERN,3
C40,CHURCH/SYNAGOGUE/PLACE OF WORSHIP,2
C40,RESIDENCE-GARAGE,2
C40,CHA APARTMENT,2
C40,CTA BUS,2
C40,CTA TRAIN,2
C40,GROCERY FOOD STORE,2
C40,"SCHOOL, PUBLIC, GROUNDS",1
C40,CTA BUS STOP,1
C40,DRIVEWAY - RESIDENTIAL,1
C40,COMMERCIAL / BUSINESS OFFICE,1
C40,ABANDONED BUILDING,1
C40,AUTO,1
C40,CONSTRUCTION SITE,1
C40,CHA PARKING LOT/GROUNDS,1
C40,POOL ROOM,1
C40,CTA STATION,1
C40,CTA GARAGE / OTHER PROPERTY,1
C40,"SCHOOL, PUBLIC, BUILDING",1
C41,STREET,103
C41,APARTMENT,80
C41,RESIDENCE,49
C41,SIDEWALK,36
C41,OTHER,20
C41,RESTAURANT,15
C41,VEHICLE NON-COMMERCIAL,14
C41,HOSPITAL BUILDING/GROUNDS,14
C41,RESIDENCE PORCH/HALLWAY,11
C41,RESIDENTIAL YARD (FRONT/BACK),10
C41,PARKING LOT/GARAGE(NON.RESID.),10
C41,PARK PROPERTY,8
C41,ALLEY,7
C41,SMALL RETAIL STORE,6
C41,CONVENIENCE STORE,4
C41,BAR OR TAVERN,4
C41,RESIDENCE-GARAGE,4
C41,DRUG STORE,4
C41,DEPARTMENT STORE,2
C41,LAKEFRONT/WATERFRONT/RIVERBANK,2
C41,VEHICLE - OTHER RIDE SERVICE,2
C41,GAS STATION,2
C41,CTA BUS,1
C41,COLLEGE/UNIVERSITY RESIDENCE HALL,1
C41,COLLEGE/UNIVERSITY GROUNDS,1
C41,TAXICAB,1
C41,"VEHICLE - OTHER RIDE SHARE SERVICE (E.G., UBER, LYFT)",1
C41,GROCERY FOOD STORE,1
C41,NURSING HOME/RETIREMENT HOME,1
C41,ATHLETIC CLUB,1
C41,COMMERCIAL / BUSINESS OFFICE,1
C41,BANK,1
C41,DRIVEWAY - RESIDENTIAL,1
C42,APARTMENT,330
C42,STREET,299
C42,RESIDENCE,167
C42,SIDEWALK,84
C42,ALLEY,33
C42,OTHER,24
C42,VEHICLE NON-COMMERCIAL,23
C42,RESIDENTIAL YARD (FRONT/BACK),23
C42,POLICE FACILITY/VEH PARKING LOT,20
C42,GAS STATION,19
C42,RESIDENCE PORCH/HALLWAY,18
C42,PARKING LOT/GARAGE(NON.RESID.),17
C42,RESIDENCE-GARAGE,14
C42,SMALL RETAIL STORE,10
C42,PARK PROPERTY,10
C42,VACANT LOT/LAND,6
C42,NURSING HOME/RETIREMENT HOME,5
C42,CTA BUS,5
C42,RESTAURANT,4
C42,COMMERCIAL / BUSINESS OFFICE,4
C42,HOTEL/MOTEL,4
C42,"SCHOOL, PUBLIC, BUILDING",3
C42,CTA BUS STOP,3
C42,CHURCH/SYNAGOGUE/PLACE OF WORSHIP,3
C42,CONVENIENCE STORE,2
C42,TAXICAB,2
C42,"SCHOOL, PUBLIC, GROUNDS",2
C42,ABANDONED BUILDING,2
C42,CHA PARKING LOT/GROUNDS,2
C42,CTA TRAIN,2
C42,GROCERY FOOD STORE,1
C42,BAR OR TAVERN,1
C42,VEHICLE-COMMERCIAL,1
C42,GOVERNMENT BUILDING/PROPERTY,1
C42,AIRPORT TERMINAL LOWER LEVEL - NON-SECURE AREA,1
C42,BOAT/WATERCRAFT,1
C42,LAKEFRONT/WATERFRONT/RIVERBANK,1
C42,CTA PLATFORM,1
C42,BANK,1
C42,COIN OPERATED MACHINE,1
C42,DRIVEWAY - RESIDENTIAL,1
C42,TAVERN/LIQUOR STORE,1
C42,ATM (AUTOMATIC TELLER MACHINE),1
C42,JAIL / LOCK-UP FACILITY,1
C42,APPLIANCE STORE,1
C42,PARKING LOT,1
C43,APARTMENT,849
C43,STREET,631
C43,RESIDENCE,459
C43,SIDEWALK,190
C43,RESIDENTIAL YARD (FRONT/BACK),54
C43,VEHICLE NON-COMMERCIAL,48
C43,OTHER,43
C43,ALLEY,42
C43,RESIDENCE PORCH/HALLWAY,41
C43,GAS STATION,39
C43,PARKING LOT/GARAGE(NON.RESID.),36
C43,GROCERY FOOD STORE,24
C43,CONVENIENCE STORE,21
C43,RESTAURANT,20
C43,RESIDENCE-GARAGE,14
C43,SMALL RETAIL STORE,13
C43,HOSPITAL BUILDING/GROUNDS,12
C43,DRIVEWAY - RESIDENTIAL,11
C43,BAR OR TAVERN,10
C43,NURSING HOME/RETIREMENT HOME,10
C43,DRUG STORE,7
C43,PARK PROPERTY,7
C43,TAXICAB,6
C43,COMMERCIAL / BUSINESS OFFICE,5
C43,CURRENCY EXCHANGE,5
C43,CTA BUS,5
C43,TAVERN/LIQUOR STORE,5
C43,CTA BUS STOP,4
C43,CHURCH/SYNAGOGUE/PLACE OF WORSHIP,4
C43,ATM (AUTOMATIC TELLER MACHINE),4
C43,BANK,3
C43,CONSTRUCTION SITE,3
C43,DEPARTMENT STORE,3
C43,CHA APARTMENT,2
C43,DAY CARE CENTER,2
C43,VEHICLE-COMMERCIAL,2
C43,"SCHOOL, PUBLIC, BUILDING",1
C43,AUTO,1
C43,ABANDONED BUILDING,1
C43,FIRE STATION,1
C43,WAREHOUSE,1
C43,CHA PARKING LOT/GROUNDS,1
C43,BARBERSHOP,1
C43,APPLIANCE STORE,1
C43,VACANT LOT/LAND,1
C43,OTHER COMMERCIAL TRANSPORTATION,1
C43,SPORTS ARENA/STADIUM,1
C43,LAKEFRONT/WATERFRONT/RIVERBANK,1
C43,VEHICLE - OTHER RIDE SERVICE,1
C44,STREET,432
C44,APARTMENT,420
C44,RESIDENCE,314
C44,SIDEWALK,90
C44,PARKING LOT/GARAGE(NON.RESID.),60
C44,GAS STATION,58
C44,RESTAURANT,38
C44,OTHER,36
C44,VEHICLE NON-COMMERCIAL,34
C44,ALLEY,33
C44,DEPARTMENT STORE,32
C44,SMALL RETAIL STORE,30
C44,RESIDENCE-GARAGE,22
C44,RESIDENTIAL YARD (FRONT/BACK),20
C44,GROCERY FOOD STORE,16
C44,CTA STATION,15
C44,RESIDENCE PORCH/HALLWAY,15
C44,CTA TRAIN,14
C44,CTA PLATFORM,14
C44,CONVENIENCE STORE,11
C44,HOTEL/MOTEL,10
C44,COMMERCIAL / BUSINESS OFFICE,9
C44,CTA BUS STOP,8
C44,CTA BUS,7
C44,TAVERN/LIQUOR STORE,6
C44,PARK PROPERTY,6
C44,BANK,6
C44,DRUG STORE,6
C44,CURRENCY EXCHANGE,5
C44,DRIVEWAY - RESIDENTIAL,5
C44,ATM (AUTOMATIC TELLER MACHINE),4
C44,VACANT LOT/LAND,4
C44,VEHICLE - OTHER RIDE SERVICE,4
C44,BARBERSHOP,3
C44,APPLIANCE STORE,2
C44,NURSING HOME/RETIREMENT HOME,2
C44,MOVIE HOUSE/THEATER,2
C44,CHURCH/SYNAGOGUE/PLACE OF WORSHIP,2
C44,CLEANING STORE,2
C44,CREDIT UNION,1
C44,CTA TRACKS - RIGHT OF WAY,1
C44,WAREHOUSE,1
C44,CHA PARKING LOT/GROUNDS,1
C44,TAXICAB,1
C44,VEHICLE-COMMERCIAL,1
C44,SPORTS ARENA/STADIUM,1
C44,BAR OR TAVERN,1
C44,CTA GARAGE / OTHER PROPERTY,1
C44,"SCHOOL, PUBLIC, BUILDING",1
C44,HOSPITAL BUILDING/GROUNDS,1
C44,ATHLETIC CLUB,1
C44,AUTO,1
C44,ABANDONED BUILDING,1
C45,STREET,108
C45,RESIDENCE,103
C45,APARTMENT,24
C45,SIDEWALK,19
C45,VEHICLE NON-COMMERCIAL,16
C45,GAS STATION,14
C45,HOTEL/MOTEL,10
C45,PARKING LOT/GARAGE(NON.RESID.),8
C45,RESIDENCE-GARAGE,5
C45,RESIDENTIAL YARD (FRONT/BACK),5
C45,OTHER,5
C45,ALLEY,3
C45,SMALL RETAIL STORE,3
C45,CTA BUS,3
C45,GROCERY FOOD STORE,2
C45,ATM (AUTOMATIC TELLER MACHINE),2
C45,PARK PROPERTY,2
C45,CONVENIENCE STORE,1
C45,CTA STATION,1
C45,VACANT LOT/LAND,1
C45,CTA BUS STOP,1
C45,DRIVEWAY - RESIDENTIAL,1
C45,OTHER RAILROAD PROP / TRAIN DEPOT,1
C45,DEPARTMENT STORE,1
C45,POOL ROOM,1
C45,AIRPORT VENDING ESTABLISHMENT,1
C46,RESIDENCE,367
C46,STREET,360
C46,APARTMENT,275
C46,SIDEWALK,97
C46,RESIDENTIAL YARD (FRONT/BACK),31
C46,OTHER,28
C46,VEHICLE NON-COMMERCIAL,28
C46,PARKING LOT/GARAGE(NON.RESID.),23
C46,RESTAURANT,19
C46,ALLEY,18
C46,RESIDENCE PORCH/HALLWAY,17
C46,RESIDENCE-GARAGE,15
C46,CHA PARKING LOT/GROUNDS,11
C46,DRIVEWAY - RESIDENTIAL,9
C46,HOSPITAL BUILDING/GROUNDS,8
C46,SMALL RETAIL STORE,8
C46,CONVENIENCE STORE,8
C46,GAS STATION,7
C46,CTA BUS,6
C46,VACANT LOT/LAND,5
C46,BANK,4
C46,COMMERCIAL / BUSINESS OFFICE,3
C46,CHA APARTMENT,3
C46,ATM (AUTOMATIC TELLER MACHINE),3
C46,PARK PROPERTY,3
C46,CHA HALLWAY/STAIRWELL/ELEVATOR,3
C46,ANIMAL HOSPITAL,2
C46,CHURCH/SYNAGOGUE/PLACE OF WORSHIP,2
C46,ABANDONED BUILDING,2
C46,BAR OR TAVERN,2
C46,TAXICAB,2
C46,DRUG STORE,2
C46,VEHICLE - OTHER RIDE SERVICE,1
C46,DAY CARE CENTER,1
C46,TAVERN/LIQUOR STORE,1
C46,DEPARTMENT STORE,1
C46,APPLIANCE STORE,1
C46,GARAGE,1
C46,GROCERY FOOD STORE,1
C46,NURSING HOME/RETIREMENT HOME,1
C46,HOUSE,1
C46,SPORTS ARENA/STADIUM,1
C46,"SCHOOL, PUBLIC, GROUNDS",1
C46,CTA BUS STOP,1
C47,RESIDENCE,40
C47,STREET,28
C47,SIDEWALK,19
C47,PARKING LOT/GARAGE(NON.RESID.),6
C47,OTHER,5
C47,APARTMENT,4
C47,PARK PROPERTY,2
C47,GAS STATION,2
C47,RESIDENCE-GARAGE,2
C47,VEHICLE NON-COMMERCIAL,1
C47,RESIDENCE PORCH/HALLWAY,1
C47,ALLEY,1
C47,WAREHOUSE,1
C47,RESIDENTIAL YARD (FRONT/BACK),1
C48,STREET,165
C48,RESIDENCE,114
C48,APARTMENT,21
C48,SIDEWALK,17
C48,RESIDENTIAL YARD (FRONT/BACK),16
C48,HOTEL/MOTEL,15
C48,VEHICLE NON-COMMERCIAL,14
C48,PARKING LOT/GARAGE(NON.RESID.),11
C48,OTHER,8
C48,RESIDENCE-GARAGE,7
C48,GAS STATION,7
C48,BAR OR TAVERN,6
C48,ALLEY,5
C48,RESIDENCE PORCH/HALLWAY,5
C48,SMALL RETAIL STORE,3
C48,HOSPITAL BUILDING/GROUNDS,3
C48,RESTAURANT,3
C48,DRIVEWAY - RESIDENTIAL,3
C48,TAVERN/LIQUOR STORE,3
C48,CONVENIENCE STORE,3
C48,DRUG STORE,2
C48,DEPARTMENT STORE,2
C48,GROCERY FOOD STORE,1
C48,CAR WASH,1
C48,CTA BUS STOP,1
C48,YARD,1
C48,CTA BUS,1
C48,ATM (AUTOMATIC TELLER MACHINE),1
C48,"SCHOOL, PRIVATE, BUILDING",1
C48,PARK PROPERTY,1
C48,VEHICLE-COMMERCIAL,1
C48,TAXICAB,1
C49,RESIDENCE,616
C49,STREET,549
C49,APARTMENT,159
C49,SIDEWALK,126
C49,GAS STATION,65
C49,RESIDENTIAL YARD (FRONT/BACK),56
C49,CTA TRAIN,43
C49,RESIDENCE PORCH/HALLWAY,38
C49,RESIDENCE-GARAGE,37
C49,ALLEY,35
C49,OTHER,32
C49,VEHICLE NON-COMMERCIAL,30
C49,RESTAURANT,23
C49,PARKING LOT/GARAGE(NON.RESID.),23
C49,HOSPITAL BUILDING/GROUNDS,18
C49,CTA STATION,14
C49,DRIVEWAY - RESIDENTIAL,12
C49,CTA PLATFORM,11
C49,SMALL RETAIL STORE,11
C49,CTA GARAGE / OTHER PROPERTY,9
C49,CTA BUS STOP,7
C49,CHA PARKING LOT/GROUNDS,6
C49,CONVENIENCE STORE,6
C49,CHA APARTMENT,6
C49,TAVERN/LIQUOR STORE,5
C49,CTA BUS,5
C49,DEPARTMENT STORE,5
C49,"SCHOOL, PUBLIC, GROUNDS",5
C49,CHURCH/SYNAGOGUE/PLACE OF WORSHIP,4
C49,HOTEL/MOTEL,4
C49,VEHICLE-COMMERCIAL,4
C49,BANK,4
C49,DRUG STORE,3
C49,ABANDONED BUILDING,3
C49,PARK PROPERTY,3
C49,GROCERY FOOD STORE,3
C49,COMMERCIAL / BUSINESS OFFICE,3
C49,CONSTRUCTION SITE,2
C49,BARBERSHOP,2
C49,VACANT LOT/LAND,2
C49,NURSING HOME/RETIREMENT HOME,2
C49,DAY CARE CENTER,1
C49,CLEANING STORE,1
C49,YARD,1
C49,AUTO,1
C49,ATM (AUTOMATIC TELLER MACHINE),1
C49,POOL ROOM,1
C49,BAR OR TAVERN,1
C49,TAXICAB,1
C49,PORCH,1
C49,MEDICAL/DENTAL OFFICE,1
C49,HOUSE,1
C49,VEHICLE - OTHER RIDE SERVICE,1
C5,STREET,96
C5,RESIDENCE,59
C5,RESIDENCE-GARAGE,27
C5,SIDEWALK,20
C5,APARTMENT,19
C5,RESIDENCE PORCH/HALLWAY,13
C5,OTHER,13
C5,BAR OR TAVERN,13
C5,PARKING LOT/GARAGE(NON.RESID.),11
C5,VEHICLE NON-COMMERCIAL,11
C5,RESTAURANT,9
C5,ALLEY,9
C5,GROCERY FOOD STORE,9
C5,SMALL RETAIL STORE,7
C5,BOWLING ALLEY,6
C5,PARK PROPERTY,5
C5,POLICE FACILITY/VEH PARKING LOT,5
C5,TAXICAB,4
C5,RESIDENTIAL YARD (FRONT/BACK),4
C5,CONVENIENCE STORE,4
C5,GAS STATION,3
C5,DRUG STORE,3
C5,COMMERCIAL / BUSINESS OFFICE,3
C5,ATM (AUTOMATIC TELLER MACHINE),3
C5,VEHICLE - OTHER RIDE SERVICE,2
C5,"SCHOOL, PUBLIC, BUILDING",2
C5,VEHICLE-COMMERCIAL,1
C5,SPORTS ARENA/STADIUM,1
C5,"SCHOOL, PUBLIC, GROUNDS",1
C5,CAR WASH,1
C5,ATHLETIC CLUB,1
C5,CTA TRAIN,1
C5,VACANT LOT/LAND,1
C50,STREET,68
C50,RESIDENCE,64
C50,APARTMENT,15
C50,POLICE FACILITY/VEH PARKING LOT,11
C50,DEPARTMENT STORE,10
C50,GAS STATION,9
C50,SIDEWALK,8
C50,RESIDENCE-GARAGE,8
C50,RESIDENTIAL YARD (FRONT/BACK),7
C50,PARKING LOT/GARAGE(NON.RESID.),7
C50,OTHER,6
C50,VEHICLE NON-COMMERCIAL,5
C50,ALLEY,5
C50,GROCERY FOOD STORE,3
C50,RESIDENCE PORCH/HALLWAY,3
C50,JAIL / LOCK-UP FACILITY,2
C50,SMALL RETAIL STORE,2
C50,DRIVEWAY - RESIDENTIAL,1
C50,CTA BUS,1
C50,PARK PROPERTY,1
C50,COLLEGE/UNIVERSITY GROUNDS,1
C50,CTA GARAGE / OTHER PROPERTY,1
C50,VEHICLE-COMMERCIAL,1
C50,SPORTS ARENA/STADIUM,1
C50,RESTAURANT,1
C50,FACTORY/MANUFACTURING BUILDING,1
C51,RESIDENCE,166
C51,STREET,108
C51,APARTMENT,27
C51,SIDEWALK,27
C51,GAS STATION,16
C51,OTHER,16
C51,RESIDENTIAL YARD (FRONT/BACK),14
C51,PARKING LOT/GARAGE(NON.RESID.),14
C51,CHA APARTMENT,13
C51,CHA PARKING LOT/GROUNDS,12
C51,VEHICLE NON-COMMERCIAL,10
C51,ALLEY,9
C51,POLICE FACILITY/VEH PARKING LOT,8
C51,RESIDENCE-GARAGE,5
C51,RESIDENCE PORCH/HALLWAY,4
C51,GOVERNMENT BUILDING/PROPERTY,3
C51,RESTAURANT,3
C51,BAR OR TAVERN,2
C51,GROCERY FOOD STORE,2
C51,BANK,2
C51,DRIVEWAY - RESIDENTIAL,2
C51,ATM (AUTOMATIC TELLER MACHINE),2
C51,JAIL / LOCK-UP FACILITY,2
C51,TAVERN/LIQUOR STORE,2
C51,CTA BUS,2
C51,HIGHWAY/EXPRESSWAY,2
C51,DEPARTMENT STORE,2
C51,TAXICAB,1
C51,VACANT LOT/LAND,1
C51,CTA GARAGE / OTHER PROPERTY,1
C51,"SCHOOL, PUBLIC, GROUNDS",1
C51,CTA BUS STOP,1
C51,COMMERCIAL / BUSINESS OFFICE,1
C51,SMALL RETAIL STORE,1
C51,ABANDONED BUILDING,1
C51,WAREHOUSE,1
C51,YARD,1
C52,RESIDENCE,140
C52,STREET,123
C52,APARTMENT,35
C52,SIDEWALK,26
C52,ALLEY,18
C52,VEHICLE NON-COMMERCIAL,15
C52,RESIDENCE-GARAGE,14
C52,RESIDENTIAL YARD (FRONT/BACK),9
C52,OTHER,7
C52,PARKING LOT/GARAGE(NON.RESID.),6
C52,SMALL RETAIL STORE,4
C52,CONVENIENCE STORE,4
C52,RESTAURANT,3
C52,DRIVEWAY - RESIDENTIAL,3
C52,PARK PROPERTY,3
C52,RESIDENCE PORCH/HALLWAY,2
C52,AUTO,2
C52,TAVERN/LIQUOR STORE,2
C52,BAR OR TAVERN,2
C52,COMMERCIAL / BUSINESS OFFICE,1
C52,OTHER RAILROAD PROP / TRAIN DEPOT,1
C52,WAREHOUSE,1
C52,"SCHOOL, PRIVATE, BUILDING",1
C52,HIGHWAY/EXPRESSWAY,1
C52,TAXICAB,1
C52,VEHICLE-COMMERCIAL,1
C52,SPORTS ARENA/STADIUM,1
C52,GROCERY FOOD STORE,1
C52,VACANT LOT/LAND,1
C53,RESIDENCE,447
C53,STREET,323
C53,APARTMENT,95
C53,SIDEWALK,73
C53,RESIDENCE PORCH/HALLWAY,29
C53,RESIDENCE-GARAGE,26
C53,RESIDENTIAL YARD (FRONT/BACK),25
C53,ALLEY,24
C53,GAS STATION,20
C53,OTHER,18
C53,VEHICLE NON-COMMERCIAL,18
C53,PARKING LOT/GARAGE(NON.RESID.),17
C53,DRIVEWAY - RESIDENTIAL,11
C53,RESTAURANT,7
C53,CONVENIENCE STORE,4
C53,SMALL RETAIL STORE,4
C53,BANK,3
C53,CHURCH/SYNAGOGUE/PLACE OF WORSHIP,3
C53,POOL ROOM,2
C53,VEHICLE-COMMERCIAL,2
C53,HOUSE,2
C53,"SCHOOL, PUBLIC, BUILDING",2
C53,DRUG STORE,2
C53,ABANDONED BUILDING,1
C53,CTA BUS,1
C53,APPLIANCE STORE,1
C53,HIGHWAY/EXPRESSWAY,1
C53,BAR OR TAVERN,1
C53,OTHER COMMERCIAL TRANSPORTATION,1
C53,GROCERY FOOD STORE,1
C53,VACANT LOT/LAND,1
C53,"SCHOOL, PUBLIC, GROUNDS",1
C53,COMMERCIAL / BUSINESS OFFICE,1
C53,CURRENCY EXCHANGE,1
C54,STREET,86
C54,RESIDENCE,79
C54,CHA APARTMENT,56
C54,APARTMENT,53
C54,CHA PARKING LOT/GROUNDS,30
C54,SIDEWALK,15
C54,PARKING LOT/GARAGE(NON.RESID.),12
C54,RESIDENTIAL YARD (FRONT/BACK),11
C54,OTHER,10
C54,RESIDENCE PORCH/HALLWAY,6
C54,VEHICLE NON-COMMERCIAL,4
C54,DRIVEWAY - RESIDENTIAL,2
C54,COMMERCIAL / BUSINESS OFFICE,2
C54,OTHER COMMERCIAL TRANSPORTATION,1
C54,TAXICAB,1
C54,"SCHOOL, PUBLIC, GROUNDS",1
C54,CTA BUS STOP,1
C54,"SCHOOL, PUBLIC, BUILDING",1
C54,SMALL RETAIL STORE,1
C54,WAREHOUSE,1
C55,RESIDENCE,59
C55,STREET,53
C55,PARKING LOT/GARAGE(NON.RESID.),19
C55,APARTMENT,16
C55,SIDEWALK,10
C55,RESIDENCE-GARAGE,10
C55,RESIDENTIAL YARD (FRONT/BACK),9
C55,DRIVEWAY - RESIDENTIAL,8
C55,VEHICLE NON-COMMERCIAL,6
C55,ALLEY,5
C55,OTHER,4
C55,WAREHOUSE,3
C55,FACTORY/MANUFACTURING BUILDING,3
C55,TAVERN/LIQUOR STORE,2
C55,COMMERCIAL / BUSINESS OFFICE,2
C55,ATHLETIC CLUB,1
C55,PARK PROPERTY,1
C55,DEPARTMENT STORE,1
C55,CTA STATION,1
C55,RESTAURANT,1
C56,RESIDENCE,137
C56,STREET,134
C56,RESIDENCE-GARAGE,30
C56,PARKING LOT/GARAGE(NON.RESID.),20
C56,APARTMENT,18
C56,RESIDENTIAL YARD (FRONT/BACK),16
C56,VEHICLE NON-COMMERCIAL,15
C56,SIDEWALK,15
C56,OTHER,14
C56,ALLEY,13
C56,CTA TRAIN,13
C56,AIRPORT TERMINAL UPPER LEVEL - SECURE AREA,9
C56,GAS STATION,9
C56,RESTAURANT,7
C56,HOTEL/MOTEL,7
C56,AIRCRAFT,6
C56,AIRPORT BUILDING NON-TERMINAL - SECURE AREA,6
C56,AIRPORT EXTERIOR - NON-SECURE AREA,6
C56,AIRPORT BUILDING NON-TERMINAL - NON-SECURE AREA,5
C56,AIRPORT PARKING LOT,5
C56,BAR OR TAVERN,5
C56,AIRPORT TERMINAL LOWER LEVEL - NON-SECURE AREA,5
C56,RESIDENCE PORCH/HALLWAY,5
C56,AIRPORT/AIRCRAFT,4
C56,GROCERY FOOD STORE,4
C56,COMMERCIAL / BUSINESS OFFICE,4
C56,CTA GARAGE / OTHER PROPERTY,3
C56,PARK PROPERTY,2
C56,OTHER COMMERCIAL TRANSPORTATION,2
C56,CONVENIENCE STORE,2
C56,TAXICAB,2
C56,"SCHOOL, PUBLIC, BUILDING",2
C56,AIRPORT EXTERIOR - SECURE AREA,2
C56,NURSING HOME/RETIREMENT HOME,2
C56,AIRPORT TERMINAL LOWER LEVEL - SECURE AREA,2
C56,SMALL RETAIL STORE,2
C56,DRIVEWAY - RESIDENTIAL,2
C56,CTA TRACKS - RIGHT OF WAY,2
C56,AIRPORT VENDING ESTABLISHMENT,1
C56,ATM (AUTOMATIC TELLER MACHINE),1
C56,DEPARTMENT STORE,1
C56,HIGHWAY/EXPRESSWAY,1
C56,CTA STATION,1
C56,VACANT LOT/LAND,1
C56,CTA BUS STOP,1
C56,BANK,1
C56,CURRENCY EXCHANGE,1
C56,AUTO,1
C57,STREET,82
C57,RESIDENCE,50
C57,PARKING LOT/GARAGE(NON.RESID.),19
C57,RESIDENCE-GARAGE,12
C57,APARTMENT,11
C57,OTHER,10
C57,ALLEY,8
C57,SIDEWALK,8
C57,VEHICLE NON-COMMERCIAL,8
C57,SMALL RETAIL STORE,5
C57,RESIDENTIAL YARD (FRONT/BACK),4
C57,HOTEL/MOTEL,4
C57,FACTORY/MANUFACTURING BUILDING,3
C57,RESTAURANT,3
C57,GAS STATION,2
C57,COMMERCIAL / BUSINESS OFFICE,2
C57,AUTO,2
C57,ATM (AUTOMATIC TELLER MACHINE),2
C57,PARK PROPERTY,2
C57,BAR OR TAVERN,2
C57,CAR WASH,1
C57,"SCHOOL, PUBLIC, BUILDING",1
C57,DRUG STORE,1
C57,OTHER RAILROAD PROP / TRAIN DEPOT,1
C57,"SCHOOL, PRIVATE, GROUNDS",1
C57,DEPARTMENT STORE,1
C57,WAREHOUSE,1
C57,GROCERY FOOD STORE,1
C58,STREET,246
C58,RESIDENCE,155
C58,APARTMENT,85
C58,SIDEWALK,58
C58,PARKING LOT/GARAGE(NON.RESID.),32
C58,OTHER,29
C58,ALLEY,29
C58,RESIDENCE-GARAGE,29
C58,RESIDENTIAL YARD (FRONT/BACK),17
C58,VEHICLE NON-COMMERCIAL,13
C58,GAS STATION,12
C58,RESTAURANT,9
C58,BAR OR TAVERN,8
C58,DRIVEWAY - RESIDENTIAL,7
C58,RESIDENCE PORCH/HALLWAY,6
C58,SMALL RETAIL STORE,5
C58,WAREHOUSE,4
C58,TAVERN/LIQUOR STORE,4
C58,COMMERCIAL / BUSINESS OFFICE,3
C58,CTA BUS STOP,3
C58,AUTO,2
C58,YARD,2
C58,CTA BUS,2
C58,DEPARTMENT STORE,2
C58,BARBERSHOP,2
C58,SPORTS ARENA/STADIUM,2
C58,CURRENCY EXCHANGE,2
C58,ABANDONED BUILDING,1
C58,JAIL / LOCK-UP FACILITY,1
C58,PARK PROPERTY,1
C58,POLICE FACILITY/VEH PARKING LOT,1
C58,POOL ROOM,1
C58,CONVENIENCE STORE,1
C58,CTA STATION,1
C58,GROCERY FOOD STORE,1
C58,"SCHOOL, PUBLIC, BUILDING",1
C58,VEHICLE - OTHER RIDE SERVICE,1
C58,HOSPITAL BUILDING/GROUNDS,1
C58,BANK,1
C58,ATHLETIC CLUB,1
C58,CHURCH/SYNAGOGUE/PLACE OF WORSHIP,1
C58,DRUG STORE,1
C59,STREET,157
C59,RESIDENCE,52
C59,APARTMENT,32
C59,SIDEWALK,13
C59,OTHER,10
C59,RESIDENCE-GARAGE,9
C59,VEHICLE NON-COMMERCIAL,8
C59,RESIDENTIAL YARD (FRONT/BACK),8
C59,PARKING LOT/GARAGE(NON.RESID.),7
C59,ALLEY,6
C59,RESTAURANT,5
C59,GAS STATION,4
C59,COMMERCIAL / BUSINESS OFFICE,3
C59,PARK PROPERTY,3
C59,TAXICAB,2
C59,CTA STATION,2
C59,CHURCH/SYNAGOGUE/PLACE OF WORSHIP,2
C59,OTHER RAILROAD PROP / TRAIN DEPOT,2
C59,DEPARTMENT STORE,2
C59,VEHICLE-COMMERCIAL,1
C59,GOVERNMENT BUILDING/PROPERTY,1
C59,GROCERY FOOD STORE,1
C59,CTA PLATFORM,1
C59,SMALL RETAIL STORE,1
C59,RESIDENCE PORCH/HALLWAY,1
C59,BANK,1
C59,CTA TRAIN,1
C59,ATM (AUTOMATIC TELLER MACHINE),1
C59,"SCHOOL, PRIVATE, BUILDING",1
C6,STREET,395
C6,SIDEWALK,260
C6,BAR OR TAVERN,241
C6,APARTMENT,201
C6,RESIDENCE,172
C6,RESTAURANT,68
C6,OTHER,66
C6,ALLEY,55
C6,PARKING LOT/GARAGE(NON.RESID.),42
C6,RESIDENCE-GARAGE,39
C6,SMALL RETAIL STORE,37
C6,RESIDENCE PORCH/HALLWAY,35
C6,CONVENIENCE STORE,33
C6,RESIDENTIAL YARD (FRONT/BACK),32
C6,GROCERY FOOD STORE,32
C6,CTA TRAIN,22
C6,PARK PROPERTY,20
C6,VEHICLE NON-COMMERCIAL,20
C6,ATM (AUTOMATIC TELLER MACHINE),18
C6,TAVERN/LIQUOR STORE,18
C6,TAXICAB,14
C6,SPORTS ARENA/STADIUM,11
C6,CTA PLATFORM,11
C6,GAS STATION,10
C6,DRUG STORE,9
C6,CTA STATION,8
C6,HOSPITAL BUILDING/GROUNDS,8
C6,COMMERCIAL / BUSINESS OFFICE,7
C6,HOTEL/MOTEL,7
C6,ATHLETIC CLUB,7
C6,BANK,6
C6,CONSTRUCTION SITE,5
C6,DEPARTMENT STORE,5
C6,VEHICLE - OTHER RIDE SERVICE,5
C6,CHURCH/SYNAGOGUE/PLACE OF WORSHIP,5
C6,CHA APARTMENT,3
C6,MOVIE HOUSE/THEATER,3
C6,DRIVEWAY - RESIDENTIAL,3
C6,CTA BUS,2
C6,POLICE FACILITY/VEH PARKING LOT,2
C6,NURSING HOME/RETIREMENT HOME,2
C6,CTA BUS STOP,2
C6,"SCHOOL, PRIVATE, GROUNDS",1
C6,CTA TRACKS - RIGHT OF WAY,1
C6,BARBERSHOP,1
C6,APPLIANCE STORE,1
C6,MEDICAL/DENTAL OFFICE,1
C60,STREET,151
C60,RESIDENCE,98
C60,APARTMENT,45
C60,RESIDENCE-GARAGE,25
C60,SIDEWALK,24
C60,OTHER,15
C60,ALLEY,13
C60,RESTAURANT,12
C60,RESIDENTIAL YARD (FRONT/BACK),11
C60,VEHICLE NON-COMMERCIAL,9
C60,RESIDENCE PORCH/HALLWAY,9
C60,PARKING LOT/GARAGE(NON.RESID.),9
C60,BAR OR TAVERN,7
C60,POLICE FACILITY/VEH PARKING LOT,6
C60,COMMERCIAL / BUSINESS OFFICE,5
C60,GAS STATION,3
C60,SMALL RETAIL STORE,3
C60,PARK PROPERTY,3
C60,CONVENIENCE STORE,2
C60,DRIVEWAY - RESIDENTIAL,2
C60,MEDICAL/DENTAL OFFICE,1
C60,BRIDGE,1
C60,VEHICLE - OTHER RIDE SERVICE,1
C60,CHA APARTMENT,1
C60,CHURCH/SYNAGOGUE/PLACE OF WORSHIP,1
C60,HALLWAY,1
C60,ATM (AUTOMATIC TELLER MACHINE),1
C60,CREDIT UNION,1
C60,CTA BUS,1
C60,TAVERN/LIQUOR STORE,1
C61,STREET,471
C61,APARTMENT,234
C61,RESIDENCE,225
C61,SIDEWALK,116
C61,VEHICLE NON-COMMERCIAL,47
C61,RESIDENTIAL YARD (FRONT/BACK),43
C61,ALLEY,39
C61,OTHER,34
C61,PARKING LOT/GARAGE(NON.RESID.),26
C61,GAS STATION,18
C61,RESIDENCE PORCH/HALLWAY,15
C61,RESIDENCE-GARAGE,15
C61,RESTAURANT,9
C61,SMALL RETAIL STORE,9
C61,GROCERY FOOD STORE,9
C61,DEPARTMENT STORE,7
C61,BAR OR TAVERN,7
C61,VACANT LOT/LAND,6
C61,CHURCH/SYNAGOGUE/PLACE OF WORSHIP,5
C61,DRIVEWAY - RESIDENTIAL,5
C61,TAVERN/LIQUOR STORE,5
C61,CONVENIENCE STORE,5
C61,WAREHOUSE,4
C61,OTHER RAILROAD PROP / TRAIN DEPOT,3
C61,CTA BUS,3
C61,HOTEL/MOTEL,3
C61,PARK PROPERTY,3
C61,SPORTS ARENA/STADIUM,3
C61,"SCHOOL, PUBLIC, GROUNDS",2
C61,VEHICLE-COMMERCIAL,2
C61,NURSING HOME/RETIREMENT HOME,2
C61,HOUSE,2
C61,VEHICLE - OTHER RIDE SERVICE,1
C61,"SCHOOL, PUBLIC, BUILDING",1
C61,CLUB,1
C61,"SCHOOL, PRIVATE, GROUNDS",1
C61,CLEANING STORE,1
C61,CURRENCY EXCHANGE,1
C61,CREDIT UNION,1
C61,ATM (AUTOMATIC TELLER MACHINE),1
C61,BARBERSHOP,1
C61,POOL ROOM,1
C61,GOVERNMENT BUILDING/PROPERTY,1
C61,OTHER COMMERCIAL TRANSPORTATION,1
C61,CTA STATION,1
C62,STREET,101
C62,RESIDENCE,68
C62,APARTMENT,22
C62,RESIDENCE-GARAGE,18
C62,SIDEWALK,10
C62,ALLEY,10
C62,OTHER,8
C62,PARKING LOT/GARAGE(NON.RESID.),8
C62,RESIDENTIAL YARD (FRONT/BACK),7
C62,VEHICLE NON-COMMERCIAL,6
C62,CTA TRAIN,5
C62,RESTAURANT,5
C62,CTA GARAGE / OTHER PROPERTY,3
C62,GROCERY FOOD STORE,3
C62,GAS STATION,3
C62,PARK PROPERTY,2
C62,CONVENIENCE STORE,2
C62,CTA STATION,2
C62,"SCHOOL, PRIVATE, BUILDING",1
C62,TAXICAB,1
C62,VEHICLE-COMMERCIAL,1
C62,SPORTS ARENA/STADIUM,1
C62,BAR OR TAVERN,1
C62,"SCHOOL, PUBLIC, BUILDING",1
C62,RESIDENCE PORCH/HALLWAY,1
C62,CURRENCY EXCHANGE,1
C62,DRIVEWAY - RESIDENTIAL,1
C62,CREDIT UNION,1
C63,STREET,204
C63,RESIDENCE,158
C63,APARTMENT,62
C63,SIDEWALK,48
C63,ALLEY,28
C63,RESIDENCE-GARAGE,23
C63,PARKING LOT/GARAGE(NON.RESID.),20
C63,VEHICLE NON-COMMERCIAL,18
C63,RESIDENTIAL YARD (FRONT/BACK),18
C63,OTHER,15
C63,RESIDENCE PORCH/HALLWAY,12
C63,RESTAURANT,12
C63,BAR OR TAVERN,11
C63,PARK PROPERTY,6
C63,GAS STATION,5
C63,DRUG STORE,5
C63,DRIVEWAY - RESIDENTIAL,5
C63,DEPARTMENT STORE,5
C63,CONVENIENCE STORE,4
C63,CTA BUS STOP,4
C63,GROCERY FOOD STORE,3
C63,SMALL RETAIL STORE,3
C63,CLEANING STORE,3
C63,COMMERCIAL / BUSINESS OFFICE,2
C63,"SCHOOL, PUBLIC, GROUNDS",2
C63,OTHER RAILROAD PROP / TRAIN DEPOT,2
C63,TAVERN/LIQUOR STORE,2
C63,NURSING HOME/RETIREMENT HOME,1
C63,"SCHOOL, PUBLIC, BUILDING",1
C63,ATHLETIC CLUB,1
C63,CTA PLATFORM,1
C63,VEHICLE - OTHER RIDE SERVICE,1
C63,CHURCH/SYNAGOGUE/PLACE OF WORSHIP,1
C63,CTA TRAIN,1
C63,POLICE FACILITY/VEH PARKING LOT,1
C64,RESIDENCE,80
C64,STREET,75
C64,APARTMENT,26
C64,OTHER,16
C64,RESIDENCE-GARAGE,15
C64,SIDEWALK,14
C64,PARKING LOT/GARAGE(NON.RESID.),12
C64,RESIDENTIAL YARD (FRONT/BACK),12
C64,VEHICLE NON-COMMERCIAL,6
C64,ALLEY,5
C64,DRIVEWAY - RESIDENTIAL,4
C64,RESTAURANT,2
C64,TAVERN/LIQUOR STORE,2
C64,RESIDENCE PORCH/HALLWAY,2
C64,GAS STATION,2
C64,DRUG STORE,1
C64,FACTORY/MANUFACTURING BUILDING,1
C64,SMALL RETAIL STORE,1
C64,COMMERCIAL / BUSINESS OFFICE,1
C64,WAREHOUSE,1
C64,CONVENIENCE STORE,1
C64,BARBERSHOP,1
C64,BAR OR TAVERN,1
C64,HOUSE,1
C64,TAXICAB,1
C64,CAR WASH,1
C65,STREET,159
C65,RESIDENCE,117
C65,RESIDENCE-GARAGE,39
C65,APARTMENT,25
C65,SIDEWALK,24
C65,PARKING LOT/GARAGE(NON.RESID.),16
C65,VEHICLE NON-COMMERCIAL,15
C65,RESIDENTIAL YARD (FRONT/BACK),12
C65,OTHER,12
C65,DEPARTMENT STORE,9
C65,GAS STATION,8
C65,ALLEY,8
C65,RESTAURANT,5
C65,SMALL RETAIL STORE,5
C65,CONVENIENCE STORE,4
C65,RESIDENCE PORCH/HALLWAY,4
C65,"SCHOOL, PUBLIC, BUILDING",3
C65,MOVIE HOUSE/THEATER,3
C65,HOTEL/MOTEL,2
C65,CTA GARAGE / OTHER PROPERTY,2
C65,COMMERCIAL / BUSINESS OFFICE,2
C65,CTA BUS,1
C65,VEHICLE-COMMERCIAL,1
C65,AIRPORT PARKING LOT,1
C65,GROCERY FOOD STORE,1
C65,FACTORY/MANUFACTURING BUILDING,1
C65,MEDICAL/DENTAL OFFICE,1
C65,BANK,1
C65,DRIVEWAY - RESIDENTIAL,1
C65,DRUG STORE,1
C65,DAY CARE CENTER,1
C65,AUTO,1
C66,STREET,476
C66,RESIDENCE,346
C66,APARTMENT,272
C66,SIDEWALK,150
C66,RESIDENCE-GARAGE,63
C66,VEHICLE NON-COMMERCIAL,48
C66,RESIDENTIAL YARD (FRONT/BACK),47
C66,ALLEY,35
C66,OTHER,32
C66,GAS STATION,25
C66,PARKING LOT/GARAGE(NON.RESID.),25
C66,RESIDENCE PORCH/HALLWAY,22
C66,SMALL RETAIL STORE,19
C66,HOSPITAL BUILDING/GROUNDS,17
C66,RESTAURANT,15
C66,CONVENIENCE STORE,12
C66,VACANT LOT/LAND,7
C66,DRIVEWAY - RESIDENTIAL,7
C66,BAR OR TAVERN,7
C66,COMMERCIAL / BUSINESS OFFICE,6
C66,CTA BUS STOP,5
C66,POLICE FACILITY/VEH PARKING LOT,4
C66,BANK,3
C66,CURRENCY EXCHANGE,3
C66,ABANDONED BUILDING,3
C66,CTA BUS,3
C66,VEHICLE-COMMERCIAL,3
C66,CAR WASH,2
C66,"SCHOOL, PUBLIC, BUILDING",2
C66,CHURCH/SYNAGOGUE/PLACE OF WORSHIP,2
C66,ANIMAL HOSPITAL,2
C66,OTHER RAILROAD PROP / TRAIN DEPOT,2
C66,AUTO,2
C66,TAVERN/LIQUOR STORE,2
C66,BARBERSHOP,2
C66,PARK PROPERTY,2
C66,TAXICAB,2
C66,GROCERY FOOD STORE,1
C66,FACTORY/MANUFACTURING BUILDING,1
C66,CLEANING STORE,1
C66,DRUG STORE,1
C66,JAIL / LOCK-UP FACILITY,1
C66,APPLIANCE STORE,1
C66,HOTEL/MOTEL,1
C67,RESIDENCE,608
C67,STREET,559
C67,SIDEWALK,206
C67,APARTMENT,200
C67,GAS STATION,56
C67,RESIDENTIAL YARD (FRONT/BACK),46
C67,RESIDENCE PORCH/HALLWAY,44
C67,VEHICLE NON-COMMERCIAL,42
C67,ALLEY,35
C67,PARKING LOT/GARAGE(NON.RESID.),26
C67,OTHER,23
C67,RESTAURANT,21
C67,RESIDENCE-GARAGE,20
C67,CTA TRAIN,14
C67,CHURCH/SYNAGOGUE/PLACE OF WORSHIP,13
C67,CTA GARAGE / OTHER PROPERTY,11
C67,VACANT LOT/LAND,11
C67,GROCERY FOOD STORE,10
C67,PARK PROPERTY,9
C67,POLICE FACILITY/VEH PARKING LOT,9
C67,ABANDONED BUILDING,6
C67,CONVENIENCE STORE,6
C67,HOTEL/MOTEL,5
C67,CTA BUS,5
C67,DRIVEWAY - RESIDENTIAL,4
C67,VEHICLE-COMMERCIAL,4
C67,CTA BUS STOP,4
C67,BANK,3
C67,TAVERN/LIQUOR STORE,3
C67,BAR OR TAVERN,3
C67,GOVERNMENT BUILDING/PROPERTY,3
C67,"SCHOOL, PUBLIC, BUILDING",3
C67,SMALL RETAIL STORE,3
C67,JAIL / LOCK-UP FACILITY,2
C67,TAXICAB,2
C67,CTA STATION,2
C67,VEHICLE - OTHER RIDE SERVICE,2
C67,CHA APARTMENT,1
C67,COIN OPERATED MACHINE,1
C67,YARD,1
C67,AUTO,1
C67,CONSTRUCTION SITE,1
C67,DEPARTMENT STORE,1
C67,WAREHOUSE,1
C67,"SCHOOL, PRIVATE, BUILDING",1
C67,BARBERSHOP,1
C67,NURSING HOME/RETIREMENT HOME,1
C67,CAR WASH,1
C67,CTA PLATFORM,1
C67,COMMERCIAL / BUSINESS OFFICE,1
C67,OTHER RAILROAD PROP / TRAIN DEPOT,1
C68,STREET,543
C68,RESIDENCE,411
C68,APARTMENT,273
C68,SIDEWALK,168
C68,GAS STATION,69
C68,RESIDENTIAL YARD (FRONT/BACK),57
C68,VEHICLE NON-COMMERCIAL,48
C68,RESIDENCE PORCH/HALLWAY,40
C68,OTHER,36
C68,ALLEY,33
C68,PARKING LOT/GARAGE(NON.RESID.),20
C68,HOSPITAL BUILDING/GROUNDS,19
C68,CTA TRAIN,11
C68,CTA BUS STOP,10
C68,VACANT LOT/LAND,6
C68,RESTAURANT,6
C68,COMMERCIAL / BUSINESS OFFICE,6
C68,GROCERY FOOD STORE,5
C68,CHURCH/SYNAGOGUE/PLACE OF WORSHIP,5
C68,CTA BUS,5
C68,CTA STATION,4
C68,CTA PLATFORM,4
C68,SMALL RETAIL STORE,4
C68,DRIVEWAY - RESIDENTIAL,4
C68,PARK PROPERTY,3
C68,CONVENIENCE STORE,3
C68,BAR OR TAVERN,3
C68,PORCH,3
C68,ABANDONED BUILDING,3
C68,CHA APARTMENT,3
C68,BARBERSHOP,2
C68,COLLEGE/UNIVERSITY GROUNDS,2
C68,TAXICAB,2
C68,DRUG STORE,2
C68,RESIDENCE-GARAGE,2
C68,AUTO,2
C68,YARD,2
C68,TAVERN/LIQUOR STORE,2
C68,CONSTRUCTION SITE,1
C68,DEPARTMENT STORE,1
C68,APPLIANCE STORE,1
C68,VEHICLE-COMMERCIAL,1
C68,"SCHOOL, PUBLIC, GROUNDS",1
C68,BANK,1
C68,ANIMAL HOSPITAL,1
C68,CHA HALLWAY/STAIRWELL/ELEVATOR,1
C68,OTHER RAILROAD PROP / TRAIN DEPOT,1
C68,FIRE STATION,1
C68,CHA PARKING LOT/GROUNDS,1
C68,HOTEL/MOTEL,1
C69,STREET,580
C69,APARTMENT,470
C69,RESIDENCE,343
C69,SIDEWALK,157
C69,GAS STATION,72
C69,VEHICLE NON-COMMERCIAL,48
C69,PARKING LOT/GARAGE(NON.RESID.),42
C69,OTHER,42
C69,RESTAURANT,37
C69,ALLEY,35
C69,RESIDENTIAL YARD (FRONT/BACK),33
C69,RESIDENCE PORCH/HALLWAY,25
C69,RESIDENCE-GARAGE,14
C69,SMALL RETAIL STORE,14
C69,BAR OR TAVERN,13
C69,CTA BUS,11
C69,HOTEL/MOTEL,10
C69,CTA PLATFORM,8
C69,DRUG STORE,8
C69,CTA STATION,7
C69,VACANT LOT/LAND,7
C69,COMMERCIAL / BUSINESS OFFICE,5
C69,CHA HALLWAY/STAIRWELL/ELEVATOR,5
C69,CURRENCY EXCHANGE,5
C69,ABANDONED BUILDING,5
C69,CTA TRAIN,5
C69,CTA BUS STOP,4
C69,CONVENIENCE STORE,4
C69,GROCERY FOOD STORE,4
C69,"SCHOOL, PUBLIC, BUILDING",3
C69,PARK PROPERTY,3
C69,DRIVEWAY - RESIDENTIAL,2
C69,CHURCH/SYNAGOGUE/PLACE OF WORSHIP,2
C69,OTHER RAILROAD PROP / TRAIN DEPOT,2
C69,WAREHOUSE,2
C69,TAVERN/LIQUOR STORE,2
C69,HIGHWAY/EXPRESSWAY,2
C69,DEPARTMENT STORE,2
C69,CTA GARAGE / OTHER PROPERTY,2
C69,"SCHOOL, PUBLIC, GROUNDS",1
C69,VEHICLE - OTHER RIDE SERVICE,1
C69,CHA APARTMENT,1
C69,COIN OPERATED MACHINE,1
C69,CHA PARKING LOT/GROUNDS,1
C69,BARBERSHOP,1
C69,VEHICLE-COMMERCIAL,1
C69,SPORTS ARENA/STADIUM,1
C7,STREET,305
C7,APARTMENT,101
C7,RESIDENCE,94
C7,BAR OR TAVERN,91
C7,SIDEWALK,89
C7,OTHER,46
C7,RESTAURANT,39
C7,RESIDENCE-GARAGE,32
C7,PARKING LOT/GARAGE(NON.RESID.),31
C7,VEHICLE NON-COMMERCIAL,27
C7,SMALL RETAIL STORE,26
C7,ALLEY,25
C7,RESIDENCE PORCH/HALLWAY,22
C7,TAVERN/LIQUOR STORE,15
C7,RESIDENTIAL YARD (FRONT/BACK),14
C7,TAXICAB,13
C7,PARK PROPERTY,12
C7,GROCERY FOOD STORE,10
C7,DRUG STORE,10
C7,DEPARTMENT STORE,10
C7,GAS STATION,9
C7,HOTEL/MOTEL,8
C7,ATM (AUTOMATIC TELLER MACHINE),8
C7,CONVENIENCE STORE,7
C7,ATHLETIC CLUB,7
C7,CTA TRAIN,6
C7,NURSING HOME/RETIREMENT HOME,5
C7,COLLEGE/UNIVERSITY RESIDENCE HALL,4
C7,CONSTRUCTION SITE,4
C7,VEHICLE-COMMERCIAL,3
C7,CTA STATION,3
C7,CTA PLATFORM,3
C7,COMMERCIAL / BUSINESS OFFICE,3
C7,CHA APARTMENT,3
C7,VACANT LOT/LAND,2
C7,CTA GARAGE / OTHER PROPERTY,2
C7,VEHICLE - OTHER RIDE SERVICE,2
C7,DRIVEWAY - RESIDENTIAL,2
C7,CHA PARKING LOT/GROUNDS,2
C7,COLLEGE/UNIVERSITY GROUNDS,1
C7,BARBERSHOP,1
C7,"VEHICLE - OTHER RIDE SHARE SERVICE (E.G., UBER, LYFT)",1
C7,"SCHOOL, PUBLIC, BUILDING",1
C7,MOVIE HOUSE/THEATER,1
C7,FACTORY/MANUFACTURING BUILDING,1
C7,LIBRARY,1
C7,BANK,1
C7,CTA BUS STOP,1
C7,CHA HALLWAY/STAIRWELL/ELEVATOR,1
C7,VEHICLE - DELIVERY TRUCK,1
C7,AUTO,1
C7,WAREHOUSE,1
C7,"SCHOOL, PRIVATE, BUILDING",1
C70,RESIDENCE,192
C70,STREET,191
C70,OTHER,36
C70,SIDEWALK,26
C70,APARTMENT,25
C70,PARKING LOT/GARAGE(NON.RESID.),23
C70,RESIDENCE-GARAGE,21
C70,DRIVEWAY - RESIDENTIAL,20
C70,RESIDENTIAL YARD (FRONT/BACK),20
C70,GAS STATION,19
C70,VEHICLE NON-COMMERCIAL,17
C70,RESTAURANT,12
C70,NURSING HOME/RETIREMENT HOME,10
C70,SMALL RETAIL STORE,9
C70,ALLEY,7
C70,HOTEL/MOTEL,6
C70,CONVENIENCE STORE,6
C70,PARK PROPERTY,5
C70,RESIDENCE PORCH/HALLWAY,3
C70,VACANT LOT/LAND,3
C70,COMMERCIAL / BUSINESS OFFICE,2
C70,TAVERN/LIQUOR STORE,2
C70,CTA BUS,2
C70,BAR OR TAVERN,2
C70,FACTORY/MANUFACTURING BUILDING,1
C70,"SCHOOL, PUBLIC, GROUNDS",1
C70,VEHICLE - OTHER RIDE SERVICE,1
C70,BANK,1
C70,CTA BUS STOP,1
C70,"SCHOOL, PRIVATE, GROUNDS",1
C70,OTHER RAILROAD PROP / TRAIN DEPOT,1
C70,BARBERSHOP,1
C70,GROCERY FOOD STORE,1
C71,STREET,640
C71,RESIDENCE,530
C71,APARTMENT,407
C71,SIDEWALK,130
C71,GAS STATION,103
C71,VEHICLE NON-COMMERCIAL,51
C71,ALLEY,47
C71,RESIDENTIAL YARD (FRONT/BACK),46
C71,PARKING LOT/GARAGE(NON.RESID.),42
C71,OTHER,30
C71,RESIDENCE PORCH/HALLWAY,30
C71,RESIDENCE-GARAGE,25
C71,RESTAURANT,21
C71,POLICE FACILITY/VEH PARKING LOT,14
C71,SMALL RETAIL STORE,11
C71,BAR OR TAVERN,10
C71,GROCERY FOOD STORE,9
C71,DRIVEWAY - RESIDENTIAL,9
C71,CTA BUS STOP,7
C71,TAVERN/LIQUOR STORE,6
C71,VACANT LOT/LAND,5
C71,JAIL / LOCK-UP FACILITY,4
C71,ABANDONED BUILDING,4
C71,ATM (AUTOMATIC TELLER MACHINE),3
C71,CTA BUS,3
C71,CONVENIENCE STORE,3
C71,GOVERNMENT BUILDING/PROPERTY,3
C71,COMMERCIAL / BUSINESS OFFICE,3
C71,WAREHOUSE,2
C71,PARK PROPERTY,2
C71,BARBERSHOP,2
C71,VEHICLE-COMMERCIAL,2
C71,NURSING HOME/RETIREMENT HOME,2
C71,"SCHOOL, PUBLIC, GROUNDS",2
C71,"SCHOOL, PUBLIC, BUILDING",2
C71,OTHER RAILROAD PROP / TRAIN DEPOT,2
C71,BANK,2
C71,CHA APARTMENT,2
C71,CHURCH/SYNAGOGUE/PLACE OF WORSHIP,2
C71,AUTO,1
C71,DEPARTMENT STORE,1
C71,TAXICAB,1
C71,HOUSE,1
C71,BOWLING ALLEY,1
C71,VEHICLE - OTHER RIDE SERVICE,1
C71,DAY CARE CENTER,1
C72,RESIDENCE,62
C72,STREET,54
C72,RESIDENCE-GARAGE,13
C72,RESIDENTIAL YARD (FRONT/BACK),12
C72,VEHICLE NON-COMMERCIAL,11
C72,DRIVEWAY - RESIDENTIAL,9
C72,APARTMENT,9
C72,PARKING LOT/GARAGE(NON.RESID.),7
C72,OTHER,7
C72,RESTAURANT,6
C72,SIDEWALK,6
C72,SMALL RETAIL STORE,5
C72,ALLEY,4
C72,COMMERCIAL / BUSINESS OFFICE,4
C72,BAR OR TAVERN,3
C72,CONVENIENCE STORE,2
C72,MEDICAL/DENTAL OFFICE,2
C72,RESIDENCE PORCH/HALLWAY,2
C72,GAS STATION,2
C72,BANK,2
C72,TAVERN/LIQUOR STORE,2
C72,"SCHOOL, PUBLIC, BUILDING",1
C72,DAY CARE CENTER,1
C72,DRUG STORE,1
C72,ATM (AUTOMATIC TELLER MACHINE),1
C72,FIRE STATION,1
C72,CTA BUS,1
C72,DEPARTMENT STORE,1
C72,PARK PROPERTY,1
C73,RESIDENCE,248
C73,STREET,241
C73,APARTMENT,41
C73,SIDEWALK,36
C73,GAS STATION,34
C73,RESIDENCE-GARAGE,30
C73,VEHICLE NON-COMMERCIAL,22
C73,RESIDENTIAL YARD (FRONT/BACK),19
C73,RESTAURANT,16
C73,ALLEY,16
C73,OTHER,14
C73,RESIDENCE PORCH/HALLWAY,13
C73,PARKING LOT/GARAGE(NON.RESID.),11
C73,SMALL RETAIL STORE,10
C73,HOTEL/MOTEL,6
C73,CTA BUS STOP,5
C73,DRUG STORE,5
C73,DRIVEWAY - RESIDENTIAL,4
C73,AUTO,3
C73,PARK PROPERTY,3
C73,DEPARTMENT STORE,3
C73,CONVENIENCE STORE,3
C73,GROCERY FOOD STORE,3
C73,NURSING HOME/RETIREMENT HOME,3
C73,VEHICLE - OTHER RIDE SERVICE,2
C73,BARBERSHOP,2
C73,TAXICAB,2
C73,"SCHOOL, PUBLIC, GROUNDS",1
C73,COMMERCIAL / BUSINESS OFFICE,1
C73,DAY CARE CENTER,1
C73,CURRENCY EXCHANGE,1
C73,CHURCH/SYNAGOGUE/PLACE OF WORSHIP,1
C73,YARD,1
C73,"SCHOOL, PRIVATE, BUILDING",1
C73,TAVERN/LIQUOR STORE,1
C73,PORCH,1
C73,VACANT LOT/LAND,1
C73,"SCHOOL, PUBLIC, BUILDING",1
C74,RESIDENCE,62
C74,STREET,46
C74,RESIDENTIAL YARD (FRONT/BACK),11
C74,DRIVEWAY - RESIDENTIAL,10
C74,SMALL RETAIL STORE,9
C74,OTHER,8
C74,APARTMENT,8
C74,CONVENIENCE STORE,5
C74,ALLEY,5
C74,DRUG STORE,4
C74,SIDEWALK,3
C74,VEHICLE NON-COMMERCIAL,3
C74,TAXICAB,3
C74,RESIDENCE-GARAGE,3
C74,"SCHOOL, PRIVATE, BUILDING",2
C74,COLLEGE/UNIVERSITY GROUNDS,2
C74,RESIDENCE PORCH/HALLWAY,2
C74,PARKING LOT/GARAGE(NON.RESID.),2
C74,POOL ROOM,1
C74,GROCERY FOOD STORE,1
C74,BAR OR TAVERN,1
C74,"SCHOOL, PUBLIC, BUILDING",1
C74,COMMERCIAL / BUSINESS OFFICE,1
C75,RESIDENCE,165
C75,STREET,116
C75,SIDEWALK,23
C75,APARTMENT,23
C75,GAS STATION,22
C75,RESIDENTIAL YARD (FRONT/BACK),21
C75,RESIDENCE-GARAGE,20
C75,RESTAURANT,18
C75,VEHICLE NON-COMMERCIAL,17
C75,PARKING LOT/GARAGE(NON.RESID.),16
C75,DRIVEWAY - RESIDENTIAL,12
C75,OTHER,12
C75,BAR OR TAVERN,6
C75,ALLEY,6
C75,COMMERCIAL / BUSINESS OFFICE,6
C75,RESIDENCE PORCH/HALLWAY,5
C75,GROCERY FOOD STORE,4
C75,SMALL RETAIL STORE,4
C75,TAVERN/LIQUOR STORE,4
C75,BANK,3
C75,CTA BUS STOP,3
C75,DEPARTMENT STORE,3
C75,NURSING HOME/RETIREMENT HOME,2
C75,"SCHOOL, PUBLIC, BUILDING",2
C75,ATHLETIC CLUB,2
C75,ATM (AUTOMATIC TELLER MACHINE),2
C75,BARBERSHOP,2
C75,OTHER COMMERCIAL TRANSPORTATION,1
C75,TAXICAB,1
C75,MEDICAL/DENTAL OFFICE,1
C75,"SCHOOL, PUBLIC, GROUNDS",1
C75,VEHICLE - OTHER RIDE SERVICE,1
C75,YARD,1
C75,JAIL / LOCK-UP FACILITY,1
C75,PARK PROPERTY,1
C75,"SCHOOL, PRIVATE, BUILDING",1
C76,AIRPORT TERMINAL UPPER LEVEL - SECURE AREA,37
C76,AIRPORT VENDING ESTABLISHMENT,34
C76,AIRPORT TERMINAL LOWER LEVEL - NON-SECURE AREA,33
C76,RESIDENCE,29
C76,PARKING LOT/GARAGE(NON.RESID.),27
C76,APARTMENT,23
C76,AIRPORT EXTERIOR - NON-SECURE AREA,22
C76,STREET,20
C76,AIRPORT TERMINAL UPPER LEVEL - NON-SECURE AREA,16
C76,CTA TRAIN,15
C76,AIRPORT BUILDING NON-TERMINAL - NON-SECURE AREA,15
C76,OTHER,14
C76,AIRCRAFT,12
C76,AIRPORT PARKING LOT,11
C76,AIRPORT TERMINAL LOWER LEVEL - SECURE AREA,8
C76,HOTEL/MOTEL,8
C76,AIRPORT BUILDING NON-TERMINAL - SECURE AREA,8
C76,AIRPORT/AIRCRAFT,7
C76,CTA PLATFORM,6
C76,SIDEWALK,5
C76,ALLEY,4
C76,CONVENIENCE STORE,4
C76,AIRPORT EXTERIOR - SECURE AREA,3
C76,COMMERCIAL / BUSINESS OFFICE,3
C76,TAVERN/LIQUOR STORE,2
C76,CTA GARAGE / OTHER PROPERTY,2
C76,DRIVEWAY - RESIDENTIAL,1
C76,ATHLETIC CLUB,1
C76,RESIDENTIAL YARD (FRONT/BACK),1
C76,AIRPORT TERMINAL MEZZANINE - NON-SECURE AREA,1
C76,CTA BUS,1
C76,POLICE FACILITY/VEH PARKING LOT,1
C76,HIGHWAY/EXPRESSWAY,1
C76,VEHICLE NON-COMMERCIAL,1
C76,AIRPORT TRANSPORTATION SYSTEM (ATS),1
C76,TAXICAB,1
C76,GOVERNMENT BUILDING/PROPERTY,1
C76,BAR OR TAVERN,1
C77,STREET,167
C77,APARTMENT,147
C77,RESIDENCE,77
C77,SIDEWALK,44
C77,OTHER,33
C77,RESTAURANT,30
C77,RESIDENCE PORCH/HALLWAY,20
C77,PARKING LOT/GARAGE(NON.RESID.),19
C77,GROCERY FOOD STORE,18
C77,BAR OR TAVERN,17
C77,ALLEY,15
C77,RESIDENTIAL YARD (FRONT/BACK),13
C77,RESIDENCE-GARAGE,12
C77,SMALL RETAIL STORE,10
C77,CONVENIENCE STORE,9
C77,VEHICLE NON-COMMERCIAL,8
C77,GAS STATION,8
C77,PARK PROPERTY,7
C77,TAXICAB,6
C77,NURSING HOME/RETIREMENT HOME,6
C77,CTA PLATFORM,5
C77,CTA TRAIN,5
C77,DRUG STORE,4
C77,"SCHOOL, PRIVATE, BUILDING",3
C77,TAVERN/LIQUOR STORE,3
C77,HOTEL/MOTEL,2
C77,CTA STATION,2
C77,HOSPITAL BUILDING/GROUNDS,2
C77,BANK,2
C77,GOVERNMENT BUILDING/PROPERTY,1
C77,CTA GARAGE / OTHER PROPERTY,1
C77,"SCHOOL, PUBLIC, BUILDING",1
C77,MOVIE HOUSE/THEATER,1
C77,LAKEFRONT/WATERFRONT/RIVERBANK,1
C77,"SCHOOL, PUBLIC, GROUNDS",1
C77,COMMERCIAL / BUSINESS OFFICE,1
C77,CHA APARTMENT,1
C77,DRIVEWAY - RESIDENTIAL,1
C77,ATM (AUTOMATIC TELLER MACHINE),1
C8,STREET,702
C8,BAR OR TAVERN,497
C8,SIDEWALK,425
C8,RESTAURANT,247
C8,HOTEL/MOTEL,185
C8,APARTMENT,174
C8,RESIDENCE,173
C8,OTHER,162
C8,PARKING LOT/GARAGE(NON.RESID.),144
C8,SMALL RETAIL STORE,66
C8,VEHICLE NON-COMMERCIAL,62
C8,ATM (AUTOMATIC TELLER MACHINE),50
C8,HOSPITAL BUILDING/GROUNDS,43
C8,CONVENIENCE STORE,38
C8,DEPARTMENT STORE,37
C8,ALLEY,35
C8,CTA TRAIN,35
C8,COMMERCIAL / BUSINESS OFFICE,34
C8,TAVERN/LIQUOR STORE,31
C8,TAXICAB,31
C8,DRUG STORE,28
C8,GROCERY FOOD STORE,27
C8,CHA PARKING LOT/GROUNDS,23
C8,RESIDENCE-GARAGE,22
C8,CTA STATION,21
C8,GAS STATION,20
C8,BANK,17
C8,RESIDENCE PORCH/HALLWAY,16
C8,CTA PLATFORM,16
C8,RESIDENTIAL YARD (FRONT/BACK),11
C8,VEHICLE - OTHER RIDE SERVICE,9
C8,PARK PROPERTY,9
C8,VEHICLE-COMMERCIAL,9
C8,MOVIE HOUSE/THEATER,7
C8,CHA APARTMENT,7
C8,WAREHOUSE,6
C8,BOWLING ALLEY,5
C8,NURSING HOME/RETIREMENT HOME,5
C8,CTA BUS STOP,4
C8,CHA HALLWAY/STAIRWELL/ELEVATOR,4
C8,CONSTRUCTION SITE,4
C8,ATHLETIC CLUB,3
C8,DRIVEWAY - RESIDENTIAL,3
C8,CHURCH/SYNAGOGUE/PLACE OF WORSHIP,3
C8,CTA TRACKS - RIGHT OF WAY,3
C8,BOAT/WATERCRAFT,2
C8,CURRENCY EXCHANGE,2
C8,CTA BUS,2
C8,POLICE FACILITY/VEH PARKING LOT,2
C8,"SCHOOL, PRIVATE, BUILDING",2
C8,OTHER COMMERCIAL TRANSPORTATION,2
C8,CTA GARAGE / OTHER PROPERTY,2
C8,BRIDGE,2
C8,LAKEFRONT/WATERFRONT/RIVERBANK,2
C8,SAVINGS AND LOAN,1
C8,"SCHOOL, PUBLIC, BUILDING",1
C8,COIN OPERATED MACHINE,1
C8,FIRE STATION,1
C8,CREDIT UNION,1
C8,POOL ROOM,1
C8,APPLIANCE STORE,1
C8,BARBERSHOP,1
C8,HIGHWAY/EXPRESSWAY,1
C8,DRIVEWAY,1
C8,COLLEGE/UNIVERSITY GROUNDS,1
C9,STREET,19
C9,RESIDENCE,19
C9,SIDEWALK,11
C9,APARTMENT,10
C9,PARKING LOT/GARAGE(NON.RESID.),6
C9,RESIDENTIAL YARD (FRONT/BACK),5
C9,VEHICLE NON-COMMERCIAL,5
C9,OTHER,4
C9,TAVERN/LIQUOR STORE,3
C9,BAR OR TAVERN,3
C9,DRIVEWAY - RESIDENTIAL,3
C9,RESIDENCE PORCH/HALLWAY,2
C9,RESTAURANT,2
C9,ALLEY,2
C9,COMMERCIAL / BUSINESS OFFICE,2
C9,PARK PROPERTY,1
C9,"SCHOOL, PUBLIC, BUILDING",1
C9,RESIDENCE-GARAGE,1